file_id,page_number,includes_handwriting,has_shadowy_background,document_quality,text_density,has_stamps,has_redactions,has_forms,has_tables,is_typewritten,paper_condition,primary_characteristics,document_type,ocr_difficulty,error
124-10179-10217_multirif,1,,,,,,,,,,,,,,GROQ_API_KEY not set
124-10179-10217_multirif,2,,,,,,,,,,,,,,GROQ_API_KEY not set
124-10179-10217_multirif,3,,,,,,,,,,,,,,GROQ_API_KEY not set
124-10179-10217_multirif,4,,,,,,,,,,,,,,GROQ_API_KEY not set
124-10179-10217_multirif,5,,,,,,,,,,,,,,GROQ_API_KEY not set
124-10179-10217_multirif,6,,,,,,,,,,,,,,GROQ_API_KEY not set
124-10179-10217_multirif,7,,,,,,,,,,,,,,GROQ_API_KEY not set
124-10179-10217_multirif,8,,,,,,,,,,,,,,GROQ_API_KEY not set
124-10179-10217_multirif,9,,,,,,,,,,,,,,GROQ_API_KEY not set
124-10179-10217_multirif,10,,,,,,,,,,,,,,GROQ_API_KEY not set
124-10179-10217_multirif,11,,,,,,,,,,,,,,GROQ_API_KEY not set
124-10179-10217_multirif,12,,,,,,,,,,,,,,GROQ_API_KEY not set
124-10179-10217_multirif,13,,,,,,,,,,,,,,GROQ_API_KEY not set
124-10179-10217_multirif,14,,,,,,,,,,,,,,GROQ_API_KEY not set
124-10179-10217_multirif,15,,,,,,,,,,,,,,GROQ_API_KEY not set
124-10179-10217_multirif,16,,,,,,,,,,,,,,GROQ_API_KEY not set
124-10179-10217_multirif,17,,,,,,,,,,,,,,GROQ_API_KEY not set
124-10179-10217_multirif,18,,,,,,,,,,,,,,GROQ_API_KEY not set
124-10179-10217_multirif,19,,,,,,,,,,,,,,GROQ_API_KEY not set
124-10179-10217_multirif,20,,,,,,,,,,,,,,GROQ_API_KEY not set
124-10179-10217_multirif,21,,,,,,,,,,,,,,GROQ_API_KEY not set
124-10179-10217_multirif,22,,,,,,,,,,,,,,GROQ_API_KEY not set
124-10179-10217_multirif,23,,,,,,,,,,,,,,GROQ_API_KEY not set
124-10179-10217_multirif,24,,,,,,,,,,,,,,GROQ_API_KEY not set
124-10179-10217_multirif,25,,,,,,,,,,,,,,GROQ_API_KEY not set
124-10179-10217_multirif,26,,,,,,,,,,,,,,GROQ_API_KEY not set
124-10179-10217_multirif,27,,,,,,,,,,,,,,GROQ_API_KEY not set
124-10179-10217_multirif,28,,,,,,,,,,,,,,GROQ_API_KEY not set
124-10179-10217_multirif,29,,,,,,,,,,,,,,GROQ_API_KEY not set
124-10179-10217_multirif,30,,,,,,,,,,,,,,GROQ_API_KEY not set
124-10179-10217_multirif,31,,,,,,,,,,,,,,GROQ_API_KEY not set
124-10179-10217_multirif,32,,,,,,,,,,,,,,GROQ_API_KEY not set
124-10179-10217_multirif,33,,,,,,,,,,,,,,GROQ_API_KEY not set
124-10179-10217_multirif,34,,,,,,,,,,,,,,GROQ_API_KEY not set
124-10179-10217_multirif,35,,,,,,,,,,,,,,GROQ_API_KEY not set
124-10179-10217_multirif,36,,,,,,,,,,,,,,GROQ_API_KEY not set
124-10179-10217_multirif,37,,,,,,,,,,,,,,GROQ_API_KEY not set
124-10179-10217_multirif,38,,,,,,,,,,,,,,GROQ_API_KEY not set
124-10179-10217_multirif,39,,,,,,,,,,,,,,GROQ_API_KEY not set
124-10179-10217_multirif,40,,,,,,,,,,,,,,GROQ_API_KEY not set
124-10179-10217_multirif,41,,,,,,,,,,,,,,GROQ_API_KEY not set
124-10179-10217_multirif,42,,,,,,,,,,,,,,GROQ_API_KEY not set
124-10179-10217_multirif,43,,,,,,,,,,,,,,GROQ_API_KEY not set
124-10179-10217_multirif,44,,,,,,,,,,,,,,GROQ_API_KEY not set
124-10179-10217_multirif,45,,,,,,,,,,,,,,GROQ_API_KEY not set
124-10179-10217_multirif,46,,,,,,,,,,,,,,GROQ_API_KEY not set
124-10179-10217_multirif,47,,,,,,,,,,,,,,GROQ_API_KEY not set
124-10179-10217_multirif,48,,,,,,,,,,,,,,GROQ_API_KEY not set
124-10179-10217_multirif,49,,,,,,,,,,,,,,GROQ_API_KEY not set
124-10179-10217_multirif,50,,,,,,,,,,,,,,GROQ_API_KEY not set
124-10179-10217_multirif,51,,,,,,,,,,,,,,GROQ_API_KEY not set
124-10179-10217_multirif,52,,,,,,,,,,,,,,GROQ_API_KEY not set
124-10179-10217_multirif,53,,,,,,,,,,,,,,GROQ_API_KEY not set
124-10179-10217_multirif,54,,,,,,,,,,,,,,GROQ_API_KEY not set
124-10179-10217_multirif,55,,,,,,,,,,,,,,GROQ_API_KEY not set
124-10179-10217_multirif,56,,,,,,,,,,,,,,GROQ_API_KEY not set
124-10179-10217_multirif,57,,,,,,,,,,,,,,GROQ_API_KEY not set
124-10179-10217_multirif,58,,,,,,,,,,,,,,GROQ_API_KEY not set
124-10179-10217_multirif,59,,,,,,,,,,,,,,GROQ_API_KEY not set
124-10179-10217_multirif,60,,,,,,,,,,,,,,GROQ_API_KEY not set
124-10179-10217_multirif,61,,,,,,,,,,,,,,GROQ_API_KEY not set
124-10179-10217_multirif,62,,,,,,,,,,,,,,GROQ_API_KEY not set
124-10179-10217_multirif,63,,,,,,,,,,,,,,GROQ_API_KEY not set
124-10179-10217_multirif,64,,,,,,,,,,,,,,GROQ_API_KEY not set
124-10179-10217_multirif,65,,,,,,,,,,,,,,GROQ_API_KEY not set
124-10179-10217_multirif,66,,,,,,,,,,,,,,GROQ_API_KEY not set
124-10179-10217_multirif,67,,,,,,,,,,,,,,GROQ_API_KEY not set
124-10179-10217_multirif,68,,,,,,,,,,,,,,GROQ_API_KEY not set
124-10179-10217_multirif,69,,,,,,,,,,,,,,GROQ_API_KEY not set
124-10179-10217_multirif,70,,,,,,,,,,,,,,GROQ_API_KEY not set
124-10179-10217_multirif,71,,,,,,,,,,,,,,GROQ_API_KEY not set
124-10179-10217_multirif,72,,,,,,,,,,,,,,GROQ_API_KEY not set
124-10179-10217_multirif,73,,,,,,,,,,,,,,GROQ_API_KEY not set
124-10179-10217_multirif,74,,,,,,,,,,,,,,GROQ_API_KEY not set
124-10179-10217_multirif,75,,,,,,,,,,,,,,GROQ_API_KEY not set
124-10179-10217_multirif,76,,,,,,,,,,,,,,GROQ_API_KEY not set
124-10179-10217_multirif,77,,,,,,,,,,,,,,GROQ_API_KEY not set
124-10179-10217_multirif,78,,,,,,,,,,,,,,GROQ_API_KEY not set
124-10179-10217_multirif,79,,,,,,,,,,,,,,GROQ_API_KEY not set
124-10179-10217_multirif,80,,,,,,,,,,,,,,GROQ_API_KEY not set
124-10179-10217_multirif,81,,,,,,,,,,,,,,GROQ_API_KEY not set
124-10179-10217_multirif,82,,,,,,,,,,,,,,GROQ_API_KEY not set
124-10179-10217_multirif,83,,,,,,,,,,,,,,GROQ_API_KEY not set
124-10179-10217_multirif,84,,,,,,,,,,,,,,GROQ_API_KEY not set
124-10179-10217_multirif,85,,,,,,,,,,,,,,GROQ_API_KEY not set
124-10179-10217_multirif,86,,,,,,,,,,,,,,GROQ_API_KEY not set
124-10179-10217_multirif,87,,,,,,,,,,,,,,GROQ_API_KEY not set
124-10179-10217_multirif,88,,,,,,,,,,,,,,GROQ_API_KEY not set
124-10179-10217_multirif,89,,,,,,,,,,,,,,GROQ_API_KEY not set
124-10179-10217_multirif,90,,,,,,,,,,,,,,GROQ_API_KEY not set
124-10179-10217_multirif,91,,,,,,,,,,,,,,GROQ_API_KEY not set
124-10179-10217_multirif,92,,,,,,,,,,,,,,GROQ_API_KEY not set
124-10179-10217_multirif,93,,,,,,,,,,,,,,GROQ_API_KEY not set
124-10179-10217_multirif,94,,,,,,,,,,,,,,GROQ_API_KEY not set
124-10179-10217_multirif,95,,,,,,,,,,,,,,GROQ_API_KEY not set
124-10179-10217_multirif,96,,,,,,,,,,,,,,GROQ_API_KEY not set
124-10179-10217_multirif,97,,,,,,,,,,,,,,GROQ_API_KEY not set
124-10179-10217_multirif,98,,,,,,,,,,,,,,GROQ_API_KEY not set
124-10179-10217_multirif,99,,,,,,,,,,,,,,GROQ_API_KEY not set
124-10179-10217_multirif,100,,,,,,,,,,,,,,GROQ_API_KEY not set
124-10179-10217_multirif,101,,,,,,,,,,,,,,GROQ_API_KEY not set
124-10179-10217_multirif,102,,,,,,,,,,,,,,GROQ_API_KEY not set
124-10179-10217_multirif,103,,,,,,,,,,,,,,GROQ_API_KEY not set
124-10179-10217_multirif,104,,,,,,,,,,,,,,GROQ_API_KEY not set
124-10179-10217_multirif,105,,,,,,,,,,,,,,GROQ_API_KEY not set
124-10179-10217_multirif,106,,,,,,,,,,,,,,GROQ_API_KEY not set
124-10179-10217_multirif,107,,,,,,,,,,,,,,GROQ_API_KEY not set
124-10179-10217_multirif,108,,,,,,,,,,,,,,GROQ_API_KEY not set
124-10179-10217_multirif,109,,,,,,,,,,,,,,GROQ_API_KEY not set
124-10179-10217_multirif,110,,,,,,,,,,,,,,GROQ_API_KEY not set
124-10179-10217_multirif,111,,,,,,,,,,,,,,GROQ_API_KEY not set
124-10179-10217_multirif,112,,,,,,,,,,,,,,GROQ_API_KEY not set
124-10179-10217_multirif,113,,,,,,,,,,,,,,GROQ_API_KEY not set
124-10179-10217_multirif,114,,,,,,,,,,,,,,GROQ_API_KEY not set
124-10179-10217_multirif,115,,,,,,,,,,,,,,GROQ_API_KEY not set
124-10179-10217_multirif,116,,,,,,,,,,,,,,GROQ_API_KEY not set
124-10179-10217_multirif,117,,,,,,,,,,,,,,GROQ_API_KEY not set
124-10179-10217_multirif,118,,,,,,,,,,,,,,GROQ_API_KEY not set
124-10179-10217_multirif,119,,,,,,,,,,,,,,GROQ_API_KEY not set
124-10179-10217_multirif,120,,,,,,,,,,,,,,GROQ_API_KEY not set
124-10179-10217_multirif,121,,,,,,,,,,,,,,GROQ_API_KEY not set
124-10179-10217_multirif,122,,,,,,,,,,,,,,GROQ_API_KEY not set
124-10179-10217_multirif,123,,,,,,,,,,,,,,GROQ_API_KEY not set
124-10179-10217_multirif,124,,,,,,,,,,,,,,GROQ_API_KEY not set
124-10179-10217_multirif,125,,,,,,,,,,,,,,GROQ_API_KEY not set
124-10179-10217_multirif,126,,,,,,,,,,,,,,GROQ_API_KEY not set
124-10179-10217_multirif,127,,,,,,,,,,,,,,GROQ_API_KEY not set
124-10179-10217_multirif,128,,,,,,,,,,,,,,GROQ_API_KEY not set
124-10179-10217_multirif,129,,,,,,,,,,,,,,GROQ_API_KEY not set
124-10179-10217_multirif,130,,,,,,,,,,,,,,GROQ_API_KEY not set
124-10179-10217_multirif,131,,,,,,,,,,,,,,GROQ_API_KEY not set
124-10179-10217_multirif,132,,,,,,,,,,,,,,GROQ_API_KEY not set
124-10179-10217_multirif,133,,,,,,,,,,,,,,GROQ_API_KEY not set
124-10179-10217_multirif,134,,,,,,,,,,,,,,GROQ_API_KEY not set
124-10179-10217_multirif,135,,,,,,,,,,,,,,GROQ_API_KEY not set
124-10179-10217_multirif,136,,,,,,,,,,,,,,GROQ_API_KEY not set
124-10179-10217_multirif,137,,,,,,,,,,,,,,GROQ_API_KEY not set
124-10179-10217_multirif,138,,,,,,,,,,,,,,GROQ_API_KEY not set
124-10179-10217_multirif,139,,,,,,,,,,,,,,GROQ_API_KEY not set
124-10179-10217_multirif,140,,,,,,,,,,,,,,GROQ_API_KEY not set
124-10179-10217_multirif,141,,,,,,,,,,,,,,GROQ_API_KEY not set
124-10179-10217_multirif,142,,,,,,,,,,,,,,GROQ_API_KEY not set
124-10179-10217_multirif,143,,,,,,,,,,,,,,GROQ_API_KEY not set
124-10179-10217_multirif,144,,,,,,,,,,,,,,GROQ_API_KEY not set
124-10179-10217_multirif,145,,,,,,,,,,,,,,GROQ_API_KEY not set
124-10179-10217_multirif,146,,,,,,,,,,,,,,GROQ_API_KEY not set
124-10179-10217_multirif,147,,,,,,,,,,,,,,GROQ_API_KEY not set
124-10179-10217_multirif,148,,,,,,,,,,,,,,GROQ_API_KEY not set
124-10179-10217_multirif,149,,,,,,,,,,,,,,GROQ_API_KEY not set
124-10179-10217_multirif,150,,,,,,,,,,,,,,GROQ_API_KEY not set
124-10179-10217_multirif,151,,,,,,,,,,,,,,GROQ_API_KEY not set
124-10179-10217_multirif,152,,,,,,,,,,,,,,GROQ_API_KEY not set
124-10179-10217_multirif,153,,,,,,,,,,,,,,GROQ_API_KEY not set
124-10179-10217_multirif,154,,,,,,,,,,,,,,GROQ_API_KEY not set
124-10179-10217_multirif,155,,,,,,,,,,,,,,GROQ_API_KEY not set
124-10179-10217_multirif,156,,,,,,,,,,,,,,GROQ_API_KEY not set
124-10179-10217_multirif,157,,,,,,,,,,,,,,GROQ_API_KEY not set
124-10179-10217_multirif,158,,,,,,,,,,,,,,GROQ_API_KEY not set
124-10179-10217_multirif,159,,,,,,,,,,,,,,GROQ_API_KEY not set
124-10179-10217_multirif,160,,,,,,,,,,,,,,GROQ_API_KEY not set
124-10179-10217_multirif,161,,,,,,,,,,,,,,GROQ_API_KEY not set
124-10179-10217_multirif,162,,,,,,,,,,,,,,GROQ_API_KEY not set
124-10179-10217_multirif,163,,,,,,,,,,,,,,GROQ_API_KEY not set
124-10179-10217_multirif,164,,,,,,,,,,,,,,GROQ_API_KEY not set
124-10179-10217_multirif,165,,,,,,,,,,,,,,GROQ_API_KEY not set
124-10179-10217_multirif,166,,,,,,,,,,,,,,GROQ_API_KEY not set
124-10179-10217_multirif,167,,,,,,,,,,,,,,GROQ_API_KEY not set
124-10179-10217_multirif,168,,,,,,,,,,,,,,GROQ_API_KEY not set
124-10179-10217_multirif,169,,,,,,,,,,,,,,GROQ_API_KEY not set
124-10179-10217_multirif,170,,,,,,,,,,,,,,GROQ_API_KEY not set
124-10179-10217_multirif,171,,,,,,,,,,,,,,GROQ_API_KEY not set
124-10179-10217_multirif,172,,,,,,,,,,,,,,GROQ_API_KEY not set
124-10179-10217_multirif,173,,,,,,,,,,,,,,GROQ_API_KEY not set
124-10179-10217_multirif,174,,,,,,,,,,,,,,GROQ_API_KEY not set
124-10179-10217_multirif,175,,,,,,,,,,,,,,GROQ_API_KEY not set
124-10179-10217_multirif,176,,,,,,,,,,,,,,GROQ_API_KEY not set
124-10179-10217_multirif,177,,,,,,,,,,,,,,GROQ_API_KEY not set
124-10179-10217_multirif,178,,,,,,,,,,,,,,GROQ_API_KEY not set
124-10179-10217_multirif,179,,,,,,,,,,,,,,GROQ_API_KEY not set
124-10179-10217_multirif,180,,,,,,,,,,,,,,GROQ_API_KEY not set
124-10179-10217_multirif,181,,,,,,,,,,,,,,GROQ_API_KEY not set
124-10179-10217_multirif,182,,,,,,,,,,,,,,GROQ_API_KEY not set
124-10179-10217_multirif,183,,,,,,,,,,,,,,GROQ_API_KEY not set
124-10179-10217_multirif,184,,,,,,,,,,,,,,GROQ_API_KEY not set
124-10179-10217_multirif,185,,,,,,,,,,,,,,GROQ_API_KEY not set
124-10179-10217_multirif,186,,,,,,,,,,,,,,GROQ_API_KEY not set
124-10179-10217_multirif,187,,,,,,,,,,,,,,GROQ_API_KEY not set
124-10179-10217_multirif,188,,,,,,,,,,,,,,GROQ_API_KEY not set
124-10179-10217_multirif,189,,,,,,,,,,,,,,GROQ_API_KEY not set
124-10179-10217_multirif,190,,,,,,,,,,,,,,GROQ_API_KEY not set
124-10179-10217_multirif,191,,,,,,,,,,,,,,GROQ_API_KEY not set
124-10179-10217_multirif,192,,,,,,,,,,,,,,GROQ_API_KEY not set
124-10179-10217_multirif,193,,,,,,,,,,,,,,GROQ_API_KEY not set
124-10179-10217_multirif,194,,,,,,,,,,,,,,GROQ_API_KEY not set
124-10179-10217_multirif,195,,,,,,,,,,,,,,GROQ_API_KEY not set
124-10179-10217_multirif,196,,,,,,,,,,,,,,GROQ_API_KEY not set
124-10179-10217_multirif,197,,,,,,,,,,,,,,GROQ_API_KEY not set
124-10179-10217_multirif,198,,,,,,,,,,,,,,GROQ_API_KEY not set
124-10179-10217_multirif,199,,,,,,,,,,,,,,GROQ_API_KEY not set
124-10179-10217_multirif,200,,,,,,,,,,,,,,GROQ_API_KEY not set
124-10179-10217_multirif,201,,,,,,,,,,,,,,GROQ_API_KEY not set
124-10179-10217_multirif,202,,,,,,,,,,,,,,GROQ_API_KEY not set
124-10179-10217_multirif,203,,,,,,,,,,,,,,GROQ_API_KEY not set
124-10179-10217_multirif,204,,,,,,,,,,,,,,GROQ_API_KEY not set
124-10179-10217_multirif,205,,,,,,,,,,,,,,GROQ_API_KEY not set
124-10179-10217_multirif,206,,,,,,,,,,,,,,GROQ_API_KEY not set
124-10179-10217_multirif,207,,,,,,,,,,,,,,GROQ_API_KEY not set
124-10179-10217_multirif,208,,,,,,,,,,,,,,GROQ_API_KEY not set
124-10179-10217_multirif,209,,,,,,,,,,,,,,GROQ_API_KEY not set
124-10179-10217_multirif,210,,,,,,,,,,,,,,GROQ_API_KEY not set
124-10179-10217_multirif,211,,,,,,,,,,,,,,GROQ_API_KEY not set
124-10179-10217_multirif,212,,,,,,,,,,,,,,GROQ_API_KEY not set
124-10179-10217_multirif,213,,,,,,,,,,,,,,GROQ_API_KEY not set
124-10179-10217_multirif,214,,,,,,,,,,,,,,GROQ_API_KEY not set
124-10179-10217_multirif,215,,,,,,,,,,,,,,GROQ_API_KEY not set
124-10179-10217_multirif,216,,,,,,,,,,,,,,GROQ_API_KEY not set
124-10179-10217_multirif,217,,,,,,,,,,,,,,GROQ_API_KEY not set
124-10179-10217_multirif,218,,,,,,,,,,,,,,GROQ_API_KEY not set
124-10179-10217_multirif,219,,,,,,,,,,,,,,GROQ_API_KEY not set
124-10179-10217_multirif,220,,,,,,,,,,,,,,GROQ_API_KEY not set
124-10179-10217_multirif,221,,,,,,,,,,,,,,GROQ_API_KEY not set
124-10179-10217_multirif,222,,,,,,,,,,,,,,GROQ_API_KEY not set
124-10179-10217_multirif,223,,,,,,,,,,,,,,GROQ_API_KEY not set
124-10179-10217_multirif,224,,,,,,,,,,,,,,GROQ_API_KEY not set
124-10179-10217_multirif,225,,,,,,,,,,,,,,GROQ_API_KEY not set
124-10179-10217_multirif,226,,,,,,,,,,,,,,GROQ_API_KEY not set
124-10179-10217_multirif,227,,,,,,,,,,,,,,GROQ_API_KEY not set
124-10179-10217_multirif,228,,,,,,,,,,,,,,GROQ_API_KEY not set
124-10179-10217_multirif,229,,,,,,,,,,,,,,GROQ_API_KEY not set
124-10179-10217_multirif,230,,,,,,,,,,,,,,GROQ_API_KEY not set
124-10179-10217_multirif,231,,,,,,,,,,,,,,GROQ_API_KEY not set
124-10179-10217_multirif,232,,,,,,,,,,,,,,GROQ_API_KEY not set
124-10179-10217_multirif,233,,,,,,,,,,,,,,GROQ_API_KEY not set
124-10179-10217_multirif,234,,,,,,,,,,,,,,GROQ_API_KEY not set
124-10179-10217_multirif,235,,,,,,,,,,,,,,GROQ_API_KEY not set
124-10179-10217_multirif,236,,,,,,,,,,,,,,GROQ_API_KEY not set
124-10179-10217_multirif,237,,,,,,,,,,,,,,GROQ_API_KEY not set
124-10179-10217_multirif,238,,,,,,,,,,,,,,GROQ_API_KEY not set
124-10179-10217_multirif,239,,,,,,,,,,,,,,GROQ_API_KEY not set
124-10179-10217_multirif,240,,,,,,,,,,,,,,GROQ_API_KEY not set
124-10179-10217_multirif,241,,,,,,,,,,,,,,GROQ_API_KEY not set
124-10179-10217_multirif,242,,,,,,,,,,,,,,GROQ_API_KEY not set
124-10179-10217_multirif,243,,,,,,,,,,,,,,GROQ_API_KEY not set
124-10179-10217_multirif,244,,,,,,,,,,,,,,GROQ_API_KEY not set
124-10179-10217_multirif,245,,,,,,,,,,,,,,GROQ_API_KEY not set
124-10179-10217_multirif,246,,,,,,,,,,,,,,GROQ_API_KEY not set
124-10179-10217_multirif,247,,,,,,,,,,,,,,GROQ_API_KEY not set
124-10179-10217_multirif,248,,,,,,,,,,,,,,GROQ_API_KEY not set
124-10179-10217_multirif,249,,,,,,,,,,,,,,GROQ_API_KEY not set
124-10179-10217_multirif,250,,,,,,,,,,,,,,GROQ_API_KEY not set
124-10179-10217_multirif,251,,,,,,,,,,,,,,GROQ_API_KEY not set
124-10179-10217_multirif,252,,,,,,,,,,,,,,GROQ_API_KEY not set
124-10179-10217_multirif,253,,,,,,,,,,,,,,GROQ_API_KEY not set
124-10179-10217_multirif,254,,,,,,,,,,,,,,GROQ_API_KEY not set
124-10179-10217_multirif,255,,,,,,,,,,,,,,GROQ_API_KEY not set
124-10179-10217_multirif,256,,,,,,,,,,,,,,GROQ_API_KEY not set
124-10179-10217_multirif,257,,,,,,,,,,,,,,GROQ_API_KEY not set
124-10179-10217_multirif,258,,,,,,,,,,,,,,GROQ_API_KEY not set
124-10179-10217_multirif,259,,,,,,,,,,,,,,GROQ_API_KEY not set
124-10179-10217_multirif,260,,,,,,,,,,,,,,GROQ_API_KEY not set
124-10179-10217_multirif,261,,,,,,,,,,,,,,GROQ_API_KEY not set
124-10179-10217_multirif,262,,,,,,,,,,,,,,GROQ_API_KEY not set
124-10179-10217_multirif,263,,,,,,,,,,,,,,GROQ_API_KEY not set
124-10179-10217_multirif,264,,,,,,,,,,,,,,GROQ_API_KEY not set
124-10179-10217_multirif,265,,,,,,,,,,,,,,GROQ_API_KEY not set
124-10179-10217_multirif,266,,,,,,,,,,,,,,GROQ_API_KEY not set
124-10179-10217_multirif,267,,,,,,,,,,,,,,GROQ_API_KEY not set
124-10179-10217_multirif,268,,,,,,,,,,,,,,GROQ_API_KEY not set
124-10179-10217_multirif,269,,,,,,,,,,,,,,GROQ_API_KEY not set
124-10179-10217_multirif,270,,,,,,,,,,,,,,GROQ_API_KEY not set
124-10179-10217_multirif,271,,,,,,,,,,,,,,GROQ_API_KEY not set
124-10179-10217_multirif,272,,,,,,,,,,,,,,GROQ_API_KEY not set
124-10179-10217_multirif,273,,,,,,,,,,,,,,GROQ_API_KEY not set
124-10179-10217_multirif,274,,,,,,,,,,,,,,GROQ_API_KEY not set
124-10179-10217_multirif,275,,,,,,,,,,,,,,GROQ_API_KEY not set
124-10179-10217_multirif,276,,,,,,,,,,,,,,GROQ_API_KEY not set
124-10179-10217_multirif,277,,,,,,,,,,,,,,GROQ_API_KEY not set
124-10179-10217_multirif,278,,,,,,,,,,,,,,GROQ_API_KEY not set
124-10179-10217_multirif,279,,,,,,,,,,,,,,GROQ_API_KEY not set
124-10179-10217_multirif,280,,,,,,,,,,,,,,GROQ_API_KEY not set
124-10179-10217_multirif,281,,,,,,,,,,,,,,GROQ_API_KEY not set
124-10179-10217_multirif,282,,,,,,,,,,,,,,GROQ_API_KEY not set
124-10179-10217_multirif,283,,,,,,,,,,,,,,GROQ_API_KEY not set
124-10179-10217_multirif,284,,,,,,,,,,,,,,GROQ_API_KEY not set
124-10179-10217_multirif,285,,,,,,,,,,,,,,GROQ_API_KEY not set
124-10179-10217_multirif,286,,,,,,,,,,,,,,GROQ_API_KEY not set
124-10179-10217_multirif,287,,,,,,,,,,,,,,GROQ_API_KEY not set
124-10179-10217_multirif,288,,,,,,,,,,,,,,GROQ_API_KEY not set
124-10179-10217_multirif,289,,,,,,,,,,,,,,GROQ_API_KEY not set
124-10179-10217_multirif,290,,,,,,,,,,,,,,GROQ_API_KEY not set
124-10179-10217_multirif,291,,,,,,,,,,,,,,GROQ_API_KEY not set
124-10179-10217_multirif,292,,,,,,,,,,,,,,GROQ_API_KEY not set
124-10179-10217_multirif,293,,,,,,,,,,,,,,GROQ_API_KEY not set
124-10179-10217_multirif,294,,,,,,,,,,,,,,GROQ_API_KEY not set
124-10179-10217_multirif,295,,,,,,,,,,,,,,GROQ_API_KEY not set
124-10179-10217_multirif,296,,,,,,,,,,,,,,GROQ_API_KEY not set
124-10179-10217_multirif,297,,,,,,,,,,,,,,GROQ_API_KEY not set
124-10179-10217_multirif,298,,,,,,,,,,,,,,GROQ_API_KEY not set
124-10179-10217_multirif,299,,,,,,,,,,,,,,GROQ_API_KEY not set
124-10179-10217_multirif,300,,,,,,,,,,,,,,GROQ_API_KEY not set
124-10179-10217_multirif,301,,,,,,,,,,,,,,GROQ_API_KEY not set
124-10179-10217_multirif,302,,,,,,,,,,,,,,GROQ_API_KEY not set
124-10179-10217_multirif,303,,,,,,,,,,,,,,GROQ_API_KEY not set
124-10179-10217_multirif,304,,,,,,,,,,,,,,GROQ_API_KEY not set
124-10179-10217_multirif,305,,,,,,,,,,,,,,GROQ_API_KEY not set
124-10179-10217_multirif,306,,,,,,,,,,,,,,GROQ_API_KEY not set
124-10179-10217_multirif,307,,,,,,,,,,,,,,GROQ_API_KEY not set
124-10179-10217_multirif,308,,,,,,,,,,,,,,GROQ_API_KEY not set
124-10179-10217_multirif,309,,,,,,,,,,,,,,GROQ_API_KEY not set
124-10179-10217_multirif,310,,,,,,,,,,,,,,GROQ_API_KEY not set
124-10179-10217_multirif,311,,,,,,,,,,,,,,GROQ_API_KEY not set
124-10179-10217_multirif,312,,,,,,,,,,,,,,GROQ_API_KEY not set
124-10179-10217_multirif,313,,,,,,,,,,,,,,GROQ_API_KEY not set
124-10179-10217_multirif,314,,,,,,,,,,,,,,GROQ_API_KEY not set
124-10179-10217_multirif,315,,,,,,,,,,,,,,GROQ_API_KEY not set
124-10179-10217_multirif,316,,,,,,,,,,,,,,GROQ_API_KEY not set
124-10179-10217_multirif,317,,,,,,,,,,,,,,GROQ_API_KEY not set
124-10179-10217_multirif,318,,,,,,,,,,,,,,GROQ_API_KEY not set
124-10179-10217_multirif,319,,,,,,,,,,,,,,GROQ_API_KEY not set
124-10179-10217_multirif,320,,,,,,,,,,,,,,GROQ_API_KEY not set
124-10179-10217_multirif,321,,,,,,,,,,,,,,GROQ_API_KEY not set
124-10179-10217_multirif,322,,,,,,,,,,,,,,GROQ_API_KEY not set
124-10179-10217_multirif,323,,,,,,,,,,,,,,GROQ_API_KEY not set
124-10179-10217_multirif,324,,,,,,,,,,,,,,GROQ_API_KEY not set
124-10179-10217_multirif,325,,,,,,,,,,,,,,GROQ_API_KEY not set
124-10179-10217_multirif,326,,,,,,,,,,,,,,GROQ_API_KEY not set
124-10179-10217_multirif,327,,,,,,,,,,,,,,GROQ_API_KEY not set
124-10179-10217_multirif,328,,,,,,,,,,,,,,GROQ_API_KEY not set
124-10179-10217_multirif,329,,,,,,,,,,,,,,GROQ_API_KEY not set
124-10179-10217_multirif,330,,,,,,,,,,,,,,GROQ_API_KEY not set
124-10179-10217_multirif,331,,,,,,,,,,,,,,GROQ_API_KEY not set
124-10179-10217_multirif,332,,,,,,,,,,,,,,GROQ_API_KEY not set
124-10179-10217_multirif,333,,,,,,,,,,,,,,GROQ_API_KEY not set
124-10179-10217_multirif,334,,,,,,,,,,,,,,GROQ_API_KEY not set
124-10179-10217_multirif,335,,,,,,,,,,,,,,GROQ_API_KEY not set
124-10179-10217_multirif,336,,,,,,,,,,,,,,GROQ_API_KEY not set
124-10179-10217_multirif,337,,,,,,,,,,,,,,GROQ_API_KEY not set
124-10179-10217_multirif,338,,,,,,,,,,,,,,GROQ_API_KEY not set
124-10179-10217_multirif,339,,,,,,,,,,,,,,GROQ_API_KEY not set
124-10179-10217_multirif,340,,,,,,,,,,,,,,GROQ_API_KEY not set
124-10179-10217_multirif,341,,,,,,,,,,,,,,GROQ_API_KEY not set
124-10179-10217_multirif,342,,,,,,,,,,,,,,GROQ_API_KEY not set
124-10179-10217_multirif,343,,,,,,,,,,,,,,GROQ_API_KEY not set
124-10179-10217_multirif,344,,,,,,,,,,,,,,GROQ_API_KEY not set
124-10179-10217_multirif,345,,,,,,,,,,,,,,GROQ_API_KEY not set
124-10179-10217_multirif,346,,,,,,,,,,,,,,GROQ_API_KEY not set
124-10179-10217_multirif,347,,,,,,,,,,,,,,GROQ_API_KEY not set
124-10179-10217_multirif,348,,,,,,,,,,,,,,GROQ_API_KEY not set
124-10179-10217_multirif,349,,,,,,,,,,,,,,GROQ_API_KEY not set
124-10179-10217_multirif,350,,,,,,,,,,,,,,GROQ_API_KEY not set
124-10179-10217_multirif,351,,,,,,,,,,,,,,GROQ_API_KEY not set
124-10179-10217_multirif,352,,,,,,,,,,,,,,GROQ_API_KEY not set
124-10179-10217_multirif,353,,,,,,,,,,,,,,GROQ_API_KEY not set
124-10179-10217_multirif,354,,,,,,,,,,,,,,GROQ_API_KEY not set
124-10179-10217_multirif,355,,,,,,,,,,,,,,GROQ_API_KEY not set
124-10179-10217_multirif,356,,,,,,,,,,,,,,GROQ_API_KEY not set
124-10179-10217_multirif,357,,,,,,,,,,,,,,GROQ_API_KEY not set
124-10179-10217_multirif,358,,,,,,,,,,,,,,GROQ_API_KEY not set
124-10179-10217_multirif,359,,,,,,,,,,,,,,GROQ_API_KEY not set
124-10179-10217_multirif,360,,,,,,,,,,,,,,GROQ_API_KEY not set
124-10179-10217_multirif,361,,,,,,,,,,,,,,GROQ_API_KEY not set
124-10179-10217_multirif,362,,,,,,,,,,,,,,GROQ_API_KEY not set
124-10179-10217_multirif,363,,,,,,,,,,,,,,GROQ_API_KEY not set
124-10179-10217_multirif,364,,,,,,,,,,,,,,GROQ_API_KEY not set
124-10179-10217_multirif,365,,,,,,,,,,,,,,GROQ_API_KEY not set
124-10179-10217_multirif,366,,,,,,,,,,,,,,GROQ_API_KEY not set
124-10179-10217_multirif,367,,,,,,,,,,,,,,GROQ_API_KEY not set
124-10179-10217_multirif,368,,,,,,,,,,,,,,GROQ_API_KEY not set
124-10179-10217_multirif,369,,,,,,,,,,,,,,GROQ_API_KEY not set
124-10179-10217_multirif,370,,,,,,,,,,,,,,GROQ_API_KEY not set
124-10179-10217_multirif,1,,,,,,,,,,,,,,"Error code: 401 - {'error': {'message': 'Invalid API Key', 'type': 'invalid_request_error', 'code': 'invalid_api_key'}}"
124-10179-10217_multirif,2,,,,,,,,,,,,,,"Error code: 401 - {'error': {'message': 'Invalid API Key', 'type': 'invalid_request_error', 'code': 'invalid_api_key'}}"
124-10179-10217_multirif,3,,,,,,,,,,,,,,"Error code: 401 - {'error': {'message': 'Invalid API Key', 'type': 'invalid_request_error', 'code': 'invalid_api_key'}}"
124-10179-10217_multirif,4,,,,,,,,,,,,,,"Error code: 401 - {'error': {'message': 'Invalid API Key', 'type': 'invalid_request_error', 'code': 'invalid_api_key'}}"
124-10179-10217_multirif,5,,,,,,,,,,,,,,"Error code: 401 - {'error': {'message': 'Invalid API Key', 'type': 'invalid_request_error', 'code': 'invalid_api_key'}}"
124-10179-10217_multirif,6,,,,,,,,,,,,,,"Error code: 401 - {'error': {'message': 'Invalid API Key', 'type': 'invalid_request_error', 'code': 'invalid_api_key'}}"
124-10179-10217_multirif,7,,,,,,,,,,,,,,"Error code: 401 - {'error': {'message': 'Invalid API Key', 'type': 'invalid_request_error', 'code': 'invalid_api_key'}}"
124-10179-10217_multirif,8,,,,,,,,,,,,,,"Error code: 401 - {'error': {'message': 'Invalid API Key', 'type': 'invalid_request_error', 'code': 'invalid_api_key'}}"
124-10179-10217_multirif,9,,,,,,,,,,,,,,"Error code: 401 - {'error': {'message': 'Invalid API Key', 'type': 'invalid_request_error', 'code': 'invalid_api_key'}}"
124-10179-10217_multirif,10,,,,,,,,,,,,,,"Error code: 401 - {'error': {'message': 'Invalid API Key', 'type': 'invalid_request_error', 'code': 'invalid_api_key'}}"
124-10179-10217_multirif,11,,,,,,,,,,,,,,"Error code: 401 - {'error': {'message': 'Invalid API Key', 'type': 'invalid_request_error', 'code': 'invalid_api_key'}}"
124-10179-10217_multirif,12,,,,,,,,,,,,,,"Error code: 401 - {'error': {'message': 'Invalid API Key', 'type': 'invalid_request_error', 'code': 'invalid_api_key'}}"
124-10179-10217_multirif,13,,,,,,,,,,,,,,"Error code: 401 - {'error': {'message': 'Invalid API Key', 'type': 'invalid_request_error', 'code': 'invalid_api_key'}}"
124-10179-10217_multirif,14,,,,,,,,,,,,,,"Error code: 401 - {'error': {'message': 'Invalid API Key', 'type': 'invalid_request_error', 'code': 'invalid_api_key'}}"
124-10179-10217_multirif,15,,,,,,,,,,,,,,"Error code: 401 - {'error': {'message': 'Invalid API Key', 'type': 'invalid_request_error', 'code': 'invalid_api_key'}}"
124-10179-10217_multirif,16,,,,,,,,,,,,,,"Error code: 401 - {'error': {'message': 'Invalid API Key', 'type': 'invalid_request_error', 'code': 'invalid_api_key'}}"
124-10179-10217_multirif,17,,,,,,,,,,,,,,"Error code: 401 - {'error': {'message': 'Invalid API Key', 'type': 'invalid_request_error', 'code': 'invalid_api_key'}}"
124-10179-10217_multirif,18,,,,,,,,,,,,,,"Error code: 401 - {'error': {'message': 'Invalid API Key', 'type': 'invalid_request_error', 'code': 'invalid_api_key'}}"
124-10179-10217_multirif,19,,,,,,,,,,,,,,"Error code: 401 - {'error': {'message': 'Invalid API Key', 'type': 'invalid_request_error', 'code': 'invalid_api_key'}}"
124-10179-10217_multirif,20,,,,,,,,,,,,,,"Error code: 401 - {'error': {'message': 'Invalid API Key', 'type': 'invalid_request_error', 'code': 'invalid_api_key'}}"
124-10179-10217_multirif,21,,,,,,,,,,,,,,"Error code: 401 - {'error': {'message': 'Invalid API Key', 'type': 'invalid_request_error', 'code': 'invalid_api_key'}}"
124-10179-10217_multirif,22,,,,,,,,,,,,,,"Error code: 401 - {'error': {'message': 'Invalid API Key', 'type': 'invalid_request_error', 'code': 'invalid_api_key'}}"
124-10179-10217_multirif,23,,,,,,,,,,,,,,"Error code: 401 - {'error': {'message': 'Invalid API Key', 'type': 'invalid_request_error', 'code': 'invalid_api_key'}}"
124-10179-10217_multirif,24,,,,,,,,,,,,,,"Error code: 401 - {'error': {'message': 'Invalid API Key', 'type': 'invalid_request_error', 'code': 'invalid_api_key'}}"
124-10179-10217_multirif,25,,,,,,,,,,,,,,"Error code: 401 - {'error': {'message': 'Invalid API Key', 'type': 'invalid_request_error', 'code': 'invalid_api_key'}}"
124-10179-10217_multirif,26,,,,,,,,,,,,,,"Error code: 401 - {'error': {'message': 'Invalid API Key', 'type': 'invalid_request_error', 'code': 'invalid_api_key'}}"
124-10179-10217_multirif,27,,,,,,,,,,,,,,"Error code: 401 - {'error': {'message': 'Invalid API Key', 'type': 'invalid_request_error', 'code': 'invalid_api_key'}}"
124-10179-10217_multirif,28,,,,,,,,,,,,,,"Error code: 401 - {'error': {'message': 'Invalid API Key', 'type': 'invalid_request_error', 'code': 'invalid_api_key'}}"
124-10179-10217_multirif,29,,,,,,,,,,,,,,"Error code: 401 - {'error': {'message': 'Invalid API Key', 'type': 'invalid_request_error', 'code': 'invalid_api_key'}}"
124-10179-10217_multirif,30,,,,,,,,,,,,,,"Error code: 401 - {'error': {'message': 'Invalid API Key', 'type': 'invalid_request_error', 'code': 'invalid_api_key'}}"
124-10179-10217_multirif,31,,,,,,,,,,,,,,"Error code: 401 - {'error': {'message': 'Invalid API Key', 'type': 'invalid_request_error', 'code': 'invalid_api_key'}}"
124-10179-10217_multirif,32,,,,,,,,,,,,,,"Error code: 401 - {'error': {'message': 'Invalid API Key', 'type': 'invalid_request_error', 'code': 'invalid_api_key'}}"
124-10179-10217_multirif,33,,,,,,,,,,,,,,"Error code: 401 - {'error': {'message': 'Invalid API Key', 'type': 'invalid_request_error', 'code': 'invalid_api_key'}}"
124-10179-10217_multirif,34,,,,,,,,,,,,,,"Error code: 401 - {'error': {'message': 'Invalid API Key', 'type': 'invalid_request_error', 'code': 'invalid_api_key'}}"
124-10179-10217_multirif,35,,,,,,,,,,,,,,"Error code: 401 - {'error': {'message': 'Invalid API Key', 'type': 'invalid_request_error', 'code': 'invalid_api_key'}}"
124-10179-10217_multirif,36,,,,,,,,,,,,,,"Error code: 401 - {'error': {'message': 'Invalid API Key', 'type': 'invalid_request_error', 'code': 'invalid_api_key'}}"
124-10179-10217_multirif,37,,,,,,,,,,,,,,"Error code: 401 - {'error': {'message': 'Invalid API Key', 'type': 'invalid_request_error', 'code': 'invalid_api_key'}}"
124-10179-10217_multirif,38,,,,,,,,,,,,,,"Error code: 401 - {'error': {'message': 'Invalid API Key', 'type': 'invalid_request_error', 'code': 'invalid_api_key'}}"
124-10179-10217_multirif,39,,,,,,,,,,,,,,"Error code: 401 - {'error': {'message': 'Invalid API Key', 'type': 'invalid_request_error', 'code': 'invalid_api_key'}}"
124-10179-10217_multirif,40,,,,,,,,,,,,,,"Error code: 401 - {'error': {'message': 'Invalid API Key', 'type': 'invalid_request_error', 'code': 'invalid_api_key'}}"
124-10179-10217_multirif,41,,,,,,,,,,,,,,"Error code: 401 - {'error': {'message': 'Invalid API Key', 'type': 'invalid_request_error', 'code': 'invalid_api_key'}}"
124-10179-10217_multirif,42,,,,,,,,,,,,,,"Error code: 401 - {'error': {'message': 'Invalid API Key', 'type': 'invalid_request_error', 'code': 'invalid_api_key'}}"
124-10179-10217_multirif,43,,,,,,,,,,,,,,"Error code: 401 - {'error': {'message': 'Invalid API Key', 'type': 'invalid_request_error', 'code': 'invalid_api_key'}}"
124-10179-10217_multirif,44,,,,,,,,,,,,,,"Error code: 401 - {'error': {'message': 'Invalid API Key', 'type': 'invalid_request_error', 'code': 'invalid_api_key'}}"
124-10179-10217_multirif,45,,,,,,,,,,,,,,"Error code: 401 - {'error': {'message': 'Invalid API Key', 'type': 'invalid_request_error', 'code': 'invalid_api_key'}}"
124-10179-10217_multirif,46,,,,,,,,,,,,,,"Error code: 401 - {'error': {'message': 'Invalid API Key', 'type': 'invalid_request_error', 'code': 'invalid_api_key'}}"
124-10179-10217_multirif,47,,,,,,,,,,,,,,"Error code: 401 - {'error': {'message': 'Invalid API Key', 'type': 'invalid_request_error', 'code': 'invalid_api_key'}}"
124-10179-10217_multirif,48,,,,,,,,,,,,,,"Error code: 401 - {'error': {'message': 'Invalid API Key', 'type': 'invalid_request_error', 'code': 'invalid_api_key'}}"
124-10179-10217_multirif,49,,,,,,,,,,,,,,"Error code: 401 - {'error': {'message': 'Invalid API Key', 'type': 'invalid_request_error', 'code': 'invalid_api_key'}}"
124-10179-10217_multirif,50,,,,,,,,,,,,,,"Error code: 401 - {'error': {'message': 'Invalid API Key', 'type': 'invalid_request_error', 'code': 'invalid_api_key'}}"
124-10179-10217_multirif,51,,,,,,,,,,,,,,"Error code: 401 - {'error': {'message': 'Invalid API Key', 'type': 'invalid_request_error', 'code': 'invalid_api_key'}}"
124-10179-10217_multirif,52,,,,,,,,,,,,,,"Error code: 401 - {'error': {'message': 'Invalid API Key', 'type': 'invalid_request_error', 'code': 'invalid_api_key'}}"
124-10179-10217_multirif,53,,,,,,,,,,,,,,"Error code: 401 - {'error': {'message': 'Invalid API Key', 'type': 'invalid_request_error', 'code': 'invalid_api_key'}}"
124-10179-10217_multirif,54,,,,,,,,,,,,,,"Error code: 401 - {'error': {'message': 'Invalid API Key', 'type': 'invalid_request_error', 'code': 'invalid_api_key'}}"
124-10179-10217_multirif,55,,,,,,,,,,,,,,"Error code: 401 - {'error': {'message': 'Invalid API Key', 'type': 'invalid_request_error', 'code': 'invalid_api_key'}}"
124-10179-10217_multirif,56,,,,,,,,,,,,,,"Error code: 401 - {'error': {'message': 'Invalid API Key', 'type': 'invalid_request_error', 'code': 'invalid_api_key'}}"
124-10179-10217_multirif,57,,,,,,,,,,,,,,"Error code: 401 - {'error': {'message': 'Invalid API Key', 'type': 'invalid_request_error', 'code': 'invalid_api_key'}}"
124-10179-10217_multirif,58,,,,,,,,,,,,,,"Error code: 401 - {'error': {'message': 'Invalid API Key', 'type': 'invalid_request_error', 'code': 'invalid_api_key'}}"
124-10179-10217_multirif,59,,,,,,,,,,,,,,"Error code: 401 - {'error': {'message': 'Invalid API Key', 'type': 'invalid_request_error', 'code': 'invalid_api_key'}}"
124-10179-10217_multirif,60,,,,,,,,,,,,,,"Error code: 401 - {'error': {'message': 'Invalid API Key', 'type': 'invalid_request_error', 'code': 'invalid_api_key'}}"
124-10179-10217_multirif,61,,,,,,,,,,,,,,"Error code: 401 - {'error': {'message': 'Invalid API Key', 'type': 'invalid_request_error', 'code': 'invalid_api_key'}}"
124-10179-10217_multirif,62,,,,,,,,,,,,,,"Error code: 401 - {'error': {'message': 'Invalid API Key', 'type': 'invalid_request_error', 'code': 'invalid_api_key'}}"
124-10179-10217_multirif,63,,,,,,,,,,,,,,"Error code: 401 - {'error': {'message': 'Invalid API Key', 'type': 'invalid_request_error', 'code': 'invalid_api_key'}}"
124-10179-10217_multirif,64,,,,,,,,,,,,,,"Error code: 401 - {'error': {'message': 'Invalid API Key', 'type': 'invalid_request_error', 'code': 'invalid_api_key'}}"
124-10179-10217_multirif,65,,,,,,,,,,,,,,"Error code: 401 - {'error': {'message': 'Invalid API Key', 'type': 'invalid_request_error', 'code': 'invalid_api_key'}}"
124-10179-10217_multirif,66,,,,,,,,,,,,,,"Error code: 401 - {'error': {'message': 'Invalid API Key', 'type': 'invalid_request_error', 'code': 'invalid_api_key'}}"
124-10179-10217_multirif,67,,,,,,,,,,,,,,"Error code: 401 - {'error': {'message': 'Invalid API Key', 'type': 'invalid_request_error', 'code': 'invalid_api_key'}}"
124-10179-10217_multirif,68,,,,,,,,,,,,,,"Error code: 401 - {'error': {'message': 'Invalid API Key', 'type': 'invalid_request_error', 'code': 'invalid_api_key'}}"
124-10179-10217_multirif,69,,,,,,,,,,,,,,"Error code: 401 - {'error': {'message': 'Invalid API Key', 'type': 'invalid_request_error', 'code': 'invalid_api_key'}}"
124-10179-10217_multirif,70,,,,,,,,,,,,,,"Error code: 401 - {'error': {'message': 'Invalid API Key', 'type': 'invalid_request_error', 'code': 'invalid_api_key'}}"
124-10179-10217_multirif,71,,,,,,,,,,,,,,"Error code: 401 - {'error': {'message': 'Invalid API Key', 'type': 'invalid_request_error', 'code': 'invalid_api_key'}}"
124-10179-10217_multirif,72,,,,,,,,,,,,,,"Error code: 401 - {'error': {'message': 'Invalid API Key', 'type': 'invalid_request_error', 'code': 'invalid_api_key'}}"
124-10179-10217_multirif,73,,,,,,,,,,,,,,"Error code: 401 - {'error': {'message': 'Invalid API Key', 'type': 'invalid_request_error', 'code': 'invalid_api_key'}}"
124-10179-10217_multirif,74,,,,,,,,,,,,,,"Error code: 401 - {'error': {'message': 'Invalid API Key', 'type': 'invalid_request_error', 'code': 'invalid_api_key'}}"
124-10179-10217_multirif,75,,,,,,,,,,,,,,"Error code: 401 - {'error': {'message': 'Invalid API Key', 'type': 'invalid_request_error', 'code': 'invalid_api_key'}}"
124-10179-10217_multirif,76,,,,,,,,,,,,,,"Error code: 401 - {'error': {'message': 'Invalid API Key', 'type': 'invalid_request_error', 'code': 'invalid_api_key'}}"
124-10179-10217_multirif,77,,,,,,,,,,,,,,"Error code: 401 - {'error': {'message': 'Invalid API Key', 'type': 'invalid_request_error', 'code': 'invalid_api_key'}}"
124-10179-10217_multirif,78,,,,,,,,,,,,,,"Error code: 401 - {'error': {'message': 'Invalid API Key', 'type': 'invalid_request_error', 'code': 'invalid_api_key'}}"
124-10179-10217_multirif,79,,,,,,,,,,,,,,"Error code: 401 - {'error': {'message': 'Invalid API Key', 'type': 'invalid_request_error', 'code': 'invalid_api_key'}}"
124-10179-10217_multirif,80,,,,,,,,,,,,,,"Error code: 401 - {'error': {'message': 'Invalid API Key', 'type': 'invalid_request_error', 'code': 'invalid_api_key'}}"
124-10179-10217_multirif,81,,,,,,,,,,,,,,"Error code: 401 - {'error': {'message': 'Invalid API Key', 'type': 'invalid_request_error', 'code': 'invalid_api_key'}}"
124-10179-10217_multirif,82,,,,,,,,,,,,,,"Error code: 401 - {'error': {'message': 'Invalid API Key', 'type': 'invalid_request_error', 'code': 'invalid_api_key'}}"
124-10179-10217_multirif,83,,,,,,,,,,,,,,"Error code: 401 - {'error': {'message': 'Invalid API Key', 'type': 'invalid_request_error', 'code': 'invalid_api_key'}}"
124-10179-10217_multirif,84,,,,,,,,,,,,,,"Error code: 401 - {'error': {'message': 'Invalid API Key', 'type': 'invalid_request_error', 'code': 'invalid_api_key'}}"
124-10179-10217_multirif,85,,,,,,,,,,,,,,"Error code: 401 - {'error': {'message': 'Invalid API Key', 'type': 'invalid_request_error', 'code': 'invalid_api_key'}}"
124-10179-10217_multirif,86,,,,,,,,,,,,,,"Error code: 401 - {'error': {'message': 'Invalid API Key', 'type': 'invalid_request_error', 'code': 'invalid_api_key'}}"
124-10179-10217_multirif,87,,,,,,,,,,,,,,"Error code: 401 - {'error': {'message': 'Invalid API Key', 'type': 'invalid_request_error', 'code': 'invalid_api_key'}}"
124-10179-10217_multirif,88,,,,,,,,,,,,,,"Error code: 401 - {'error': {'message': 'Invalid API Key', 'type': 'invalid_request_error', 'code': 'invalid_api_key'}}"
124-10179-10217_multirif,89,,,,,,,,,,,,,,"Error code: 401 - {'error': {'message': 'Invalid API Key', 'type': 'invalid_request_error', 'code': 'invalid_api_key'}}"
124-10179-10217_multirif,90,,,,,,,,,,,,,,"Error code: 401 - {'error': {'message': 'Invalid API Key', 'type': 'invalid_request_error', 'code': 'invalid_api_key'}}"
124-10179-10217_multirif,91,,,,,,,,,,,,,,"Error code: 401 - {'error': {'message': 'Invalid API Key', 'type': 'invalid_request_error', 'code': 'invalid_api_key'}}"
124-10179-10217_multirif,92,,,,,,,,,,,,,,"Error code: 401 - {'error': {'message': 'Invalid API Key', 'type': 'invalid_request_error', 'code': 'invalid_api_key'}}"
124-10179-10217_multirif,93,,,,,,,,,,,,,,"Error code: 401 - {'error': {'message': 'Invalid API Key', 'type': 'invalid_request_error', 'code': 'invalid_api_key'}}"
124-10179-10217_multirif,94,,,,,,,,,,,,,,"Error code: 401 - {'error': {'message': 'Invalid API Key', 'type': 'invalid_request_error', 'code': 'invalid_api_key'}}"
124-10179-10217_multirif,95,,,,,,,,,,,,,,"Error code: 401 - {'error': {'message': 'Invalid API Key', 'type': 'invalid_request_error', 'code': 'invalid_api_key'}}"
124-10179-10217_multirif,96,,,,,,,,,,,,,,"Error code: 401 - {'error': {'message': 'Invalid API Key', 'type': 'invalid_request_error', 'code': 'invalid_api_key'}}"
124-10179-10217_multirif,97,,,,,,,,,,,,,,"Error code: 401 - {'error': {'message': 'Invalid API Key', 'type': 'invalid_request_error', 'code': 'invalid_api_key'}}"
124-10179-10217_multirif,98,,,,,,,,,,,,,,"Error code: 401 - {'error': {'message': 'Invalid API Key', 'type': 'invalid_request_error', 'code': 'invalid_api_key'}}"
124-10179-10217_multirif,99,,,,,,,,,,,,,,"Error code: 401 - {'error': {'message': 'Invalid API Key', 'type': 'invalid_request_error', 'code': 'invalid_api_key'}}"
124-10179-10217_multirif,100,,,,,,,,,,,,,,"Error code: 401 - {'error': {'message': 'Invalid API Key', 'type': 'invalid_request_error', 'code': 'invalid_api_key'}}"
124-10179-10217_multirif,101,,,,,,,,,,,,,,"Error code: 401 - {'error': {'message': 'Invalid API Key', 'type': 'invalid_request_error', 'code': 'invalid_api_key'}}"
124-10179-10217_multirif,102,,,,,,,,,,,,,,"Error code: 401 - {'error': {'message': 'Invalid API Key', 'type': 'invalid_request_error', 'code': 'invalid_api_key'}}"
124-10179-10217_multirif,103,,,,,,,,,,,,,,"Error code: 401 - {'error': {'message': 'Invalid API Key', 'type': 'invalid_request_error', 'code': 'invalid_api_key'}}"
124-10179-10217_multirif,104,,,,,,,,,,,,,,"Error code: 401 - {'error': {'message': 'Invalid API Key', 'type': 'invalid_request_error', 'code': 'invalid_api_key'}}"
124-10179-10217_multirif,105,,,,,,,,,,,,,,"Error code: 401 - {'error': {'message': 'Invalid API Key', 'type': 'invalid_request_error', 'code': 'invalid_api_key'}}"
124-10179-10217_multirif,106,,,,,,,,,,,,,,"Error code: 401 - {'error': {'message': 'Invalid API Key', 'type': 'invalid_request_error', 'code': 'invalid_api_key'}}"
124-10179-10217_multirif,107,,,,,,,,,,,,,,"Error code: 401 - {'error': {'message': 'Invalid API Key', 'type': 'invalid_request_error', 'code': 'invalid_api_key'}}"
124-10179-10217_multirif,108,,,,,,,,,,,,,,"Error code: 401 - {'error': {'message': 'Invalid API Key', 'type': 'invalid_request_error', 'code': 'invalid_api_key'}}"
124-10179-10217_multirif,109,,,,,,,,,,,,,,"Error code: 401 - {'error': {'message': 'Invalid API Key', 'type': 'invalid_request_error', 'code': 'invalid_api_key'}}"
124-10179-10217_multirif,110,,,,,,,,,,,,,,"Error code: 401 - {'error': {'message': 'Invalid API Key', 'type': 'invalid_request_error', 'code': 'invalid_api_key'}}"
124-10179-10217_multirif,111,,,,,,,,,,,,,,"Error code: 401 - {'error': {'message': 'Invalid API Key', 'type': 'invalid_request_error', 'code': 'invalid_api_key'}}"
124-10179-10217_multirif,112,,,,,,,,,,,,,,"Error code: 401 - {'error': {'message': 'Invalid API Key', 'type': 'invalid_request_error', 'code': 'invalid_api_key'}}"
124-10179-10217_multirif,113,,,,,,,,,,,,,,"Error code: 401 - {'error': {'message': 'Invalid API Key', 'type': 'invalid_request_error', 'code': 'invalid_api_key'}}"
124-10179-10217_multirif,114,,,,,,,,,,,,,,"Error code: 401 - {'error': {'message': 'Invalid API Key', 'type': 'invalid_request_error', 'code': 'invalid_api_key'}}"
124-10179-10217_multirif,115,,,,,,,,,,,,,,"Error code: 401 - {'error': {'message': 'Invalid API Key', 'type': 'invalid_request_error', 'code': 'invalid_api_key'}}"
124-10179-10217_multirif,116,,,,,,,,,,,,,,"Error code: 401 - {'error': {'message': 'Invalid API Key', 'type': 'invalid_request_error', 'code': 'invalid_api_key'}}"
124-10179-10217_multirif,117,,,,,,,,,,,,,,"Error code: 401 - {'error': {'message': 'Invalid API Key', 'type': 'invalid_request_error', 'code': 'invalid_api_key'}}"
124-10179-10217_multirif,118,,,,,,,,,,,,,,"Error code: 401 - {'error': {'message': 'Invalid API Key', 'type': 'invalid_request_error', 'code': 'invalid_api_key'}}"
124-10179-10217_multirif,119,,,,,,,,,,,,,,"Error code: 401 - {'error': {'message': 'Invalid API Key', 'type': 'invalid_request_error', 'code': 'invalid_api_key'}}"
124-10179-10217_multirif,120,,,,,,,,,,,,,,"Error code: 401 - {'error': {'message': 'Invalid API Key', 'type': 'invalid_request_error', 'code': 'invalid_api_key'}}"
124-10179-10217_multirif,121,,,,,,,,,,,,,,"Error code: 401 - {'error': {'message': 'Invalid API Key', 'type': 'invalid_request_error', 'code': 'invalid_api_key'}}"
124-10179-10217_multirif,122,,,,,,,,,,,,,,"Error code: 401 - {'error': {'message': 'Invalid API Key', 'type': 'invalid_request_error', 'code': 'invalid_api_key'}}"
124-10179-10217_multirif,123,,,,,,,,,,,,,,"Error code: 401 - {'error': {'message': 'Invalid API Key', 'type': 'invalid_request_error', 'code': 'invalid_api_key'}}"
124-10179-10217_multirif,124,,,,,,,,,,,,,,"Error code: 401 - {'error': {'message': 'Invalid API Key', 'type': 'invalid_request_error', 'code': 'invalid_api_key'}}"
124-10179-10217_multirif,125,,,,,,,,,,,,,,"Error code: 401 - {'error': {'message': 'Invalid API Key', 'type': 'invalid_request_error', 'code': 'invalid_api_key'}}"
124-10179-10217_multirif,126,,,,,,,,,,,,,,"Error code: 401 - {'error': {'message': 'Invalid API Key', 'type': 'invalid_request_error', 'code': 'invalid_api_key'}}"
124-10179-10217_multirif,127,,,,,,,,,,,,,,"Error code: 401 - {'error': {'message': 'Invalid API Key', 'type': 'invalid_request_error', 'code': 'invalid_api_key'}}"
124-10179-10217_multirif,128,,,,,,,,,,,,,,"Error code: 401 - {'error': {'message': 'Invalid API Key', 'type': 'invalid_request_error', 'code': 'invalid_api_key'}}"
124-10179-10217_multirif,129,,,,,,,,,,,,,,"Error code: 401 - {'error': {'message': 'Invalid API Key', 'type': 'invalid_request_error', 'code': 'invalid_api_key'}}"
124-10179-10217_multirif,130,,,,,,,,,,,,,,"Error code: 401 - {'error': {'message': 'Invalid API Key', 'type': 'invalid_request_error', 'code': 'invalid_api_key'}}"
124-10179-10217_multirif,131,,,,,,,,,,,,,,"Error code: 401 - {'error': {'message': 'Invalid API Key', 'type': 'invalid_request_error', 'code': 'invalid_api_key'}}"
124-10179-10217_multirif,132,,,,,,,,,,,,,,"Error code: 401 - {'error': {'message': 'Invalid API Key', 'type': 'invalid_request_error', 'code': 'invalid_api_key'}}"
124-10179-10217_multirif,133,,,,,,,,,,,,,,"Error code: 401 - {'error': {'message': 'Invalid API Key', 'type': 'invalid_request_error', 'code': 'invalid_api_key'}}"
124-10179-10217_multirif,134,,,,,,,,,,,,,,"Error code: 401 - {'error': {'message': 'Invalid API Key', 'type': 'invalid_request_error', 'code': 'invalid_api_key'}}"
124-10179-10217_multirif,135,,,,,,,,,,,,,,"Error code: 401 - {'error': {'message': 'Invalid API Key', 'type': 'invalid_request_error', 'code': 'invalid_api_key'}}"
124-10179-10217_multirif,136,,,,,,,,,,,,,,"Error code: 401 - {'error': {'message': 'Invalid API Key', 'type': 'invalid_request_error', 'code': 'invalid_api_key'}}"
124-10179-10217_multirif,137,,,,,,,,,,,,,,"Error code: 401 - {'error': {'message': 'Invalid API Key', 'type': 'invalid_request_error', 'code': 'invalid_api_key'}}"
124-10179-10217_multirif,138,,,,,,,,,,,,,,"Error code: 401 - {'error': {'message': 'Invalid API Key', 'type': 'invalid_request_error', 'code': 'invalid_api_key'}}"
124-10179-10217_multirif,139,,,,,,,,,,,,,,"Error code: 401 - {'error': {'message': 'Invalid API Key', 'type': 'invalid_request_error', 'code': 'invalid_api_key'}}"
124-10179-10217_multirif,140,,,,,,,,,,,,,,"Error code: 401 - {'error': {'message': 'Invalid API Key', 'type': 'invalid_request_error', 'code': 'invalid_api_key'}}"
124-10179-10217_multirif,141,,,,,,,,,,,,,,"Error code: 401 - {'error': {'message': 'Invalid API Key', 'type': 'invalid_request_error', 'code': 'invalid_api_key'}}"
124-10179-10217_multirif,142,,,,,,,,,,,,,,"Error code: 401 - {'error': {'message': 'Invalid API Key', 'type': 'invalid_request_error', 'code': 'invalid_api_key'}}"
124-10179-10217_multirif,143,,,,,,,,,,,,,,"Error code: 401 - {'error': {'message': 'Invalid API Key', 'type': 'invalid_request_error', 'code': 'invalid_api_key'}}"
124-10179-10217_multirif,144,,,,,,,,,,,,,,"Error code: 401 - {'error': {'message': 'Invalid API Key', 'type': 'invalid_request_error', 'code': 'invalid_api_key'}}"
124-10179-10217_multirif,145,,,,,,,,,,,,,,"Error code: 401 - {'error': {'message': 'Invalid API Key', 'type': 'invalid_request_error', 'code': 'invalid_api_key'}}"
124-10179-10217_multirif,146,,,,,,,,,,,,,,"Error code: 401 - {'error': {'message': 'Invalid API Key', 'type': 'invalid_request_error', 'code': 'invalid_api_key'}}"
124-10179-10217_multirif,147,,,,,,,,,,,,,,"Error code: 401 - {'error': {'message': 'Invalid API Key', 'type': 'invalid_request_error', 'code': 'invalid_api_key'}}"
124-10179-10217_multirif,148,,,,,,,,,,,,,,"Error code: 401 - {'error': {'message': 'Invalid API Key', 'type': 'invalid_request_error', 'code': 'invalid_api_key'}}"
124-10179-10217_multirif,149,,,,,,,,,,,,,,"Error code: 401 - {'error': {'message': 'Invalid API Key', 'type': 'invalid_request_error', 'code': 'invalid_api_key'}}"
124-10179-10217_multirif,150,,,,,,,,,,,,,,"Error code: 401 - {'error': {'message': 'Invalid API Key', 'type': 'invalid_request_error', 'code': 'invalid_api_key'}}"
124-10179-10217_multirif,151,,,,,,,,,,,,,,"Error code: 401 - {'error': {'message': 'Invalid API Key', 'type': 'invalid_request_error', 'code': 'invalid_api_key'}}"
124-10179-10217_multirif,152,,,,,,,,,,,,,,"Error code: 401 - {'error': {'message': 'Invalid API Key', 'type': 'invalid_request_error', 'code': 'invalid_api_key'}}"
124-10179-10217_multirif,153,,,,,,,,,,,,,,"Error code: 401 - {'error': {'message': 'Invalid API Key', 'type': 'invalid_request_error', 'code': 'invalid_api_key'}}"
124-10179-10217_multirif,154,,,,,,,,,,,,,,"Error code: 401 - {'error': {'message': 'Invalid API Key', 'type': 'invalid_request_error', 'code': 'invalid_api_key'}}"
124-10179-10217_multirif,155,,,,,,,,,,,,,,"Error code: 401 - {'error': {'message': 'Invalid API Key', 'type': 'invalid_request_error', 'code': 'invalid_api_key'}}"
124-10179-10217_multirif,156,,,,,,,,,,,,,,"Error code: 401 - {'error': {'message': 'Invalid API Key', 'type': 'invalid_request_error', 'code': 'invalid_api_key'}}"
124-10179-10217_multirif,157,,,,,,,,,,,,,,"Error code: 401 - {'error': {'message': 'Invalid API Key', 'type': 'invalid_request_error', 'code': 'invalid_api_key'}}"
124-10179-10217_multirif,158,,,,,,,,,,,,,,"Error code: 401 - {'error': {'message': 'Invalid API Key', 'type': 'invalid_request_error', 'code': 'invalid_api_key'}}"
124-10179-10217_multirif,159,,,,,,,,,,,,,,"Error code: 401 - {'error': {'message': 'Invalid API Key', 'type': 'invalid_request_error', 'code': 'invalid_api_key'}}"
124-10179-10217_multirif,160,,,,,,,,,,,,,,"Error code: 401 - {'error': {'message': 'Invalid API Key', 'type': 'invalid_request_error', 'code': 'invalid_api_key'}}"
124-10179-10217_multirif,161,,,,,,,,,,,,,,"Error code: 401 - {'error': {'message': 'Invalid API Key', 'type': 'invalid_request_error', 'code': 'invalid_api_key'}}"
124-10179-10217_multirif,162,,,,,,,,,,,,,,"Error code: 401 - {'error': {'message': 'Invalid API Key', 'type': 'invalid_request_error', 'code': 'invalid_api_key'}}"
124-10179-10217_multirif,163,,,,,,,,,,,,,,"Error code: 401 - {'error': {'message': 'Invalid API Key', 'type': 'invalid_request_error', 'code': 'invalid_api_key'}}"
124-10179-10217_multirif,164,,,,,,,,,,,,,,"Error code: 401 - {'error': {'message': 'Invalid API Key', 'type': 'invalid_request_error', 'code': 'invalid_api_key'}}"
124-10179-10217_multirif,165,,,,,,,,,,,,,,"Error code: 401 - {'error': {'message': 'Invalid API Key', 'type': 'invalid_request_error', 'code': 'invalid_api_key'}}"
124-10179-10217_multirif,166,,,,,,,,,,,,,,"Error code: 401 - {'error': {'message': 'Invalid API Key', 'type': 'invalid_request_error', 'code': 'invalid_api_key'}}"
124-10179-10217_multirif,167,,,,,,,,,,,,,,"Error code: 401 - {'error': {'message': 'Invalid API Key', 'type': 'invalid_request_error', 'code': 'invalid_api_key'}}"
124-10179-10217_multirif,168,,,,,,,,,,,,,,"Error code: 401 - {'error': {'message': 'Invalid API Key', 'type': 'invalid_request_error', 'code': 'invalid_api_key'}}"
124-10179-10217_multirif,169,,,,,,,,,,,,,,"Error code: 401 - {'error': {'message': 'Invalid API Key', 'type': 'invalid_request_error', 'code': 'invalid_api_key'}}"
124-10179-10217_multirif,170,,,,,,,,,,,,,,"Error code: 401 - {'error': {'message': 'Invalid API Key', 'type': 'invalid_request_error', 'code': 'invalid_api_key'}}"
124-10179-10217_multirif,171,,,,,,,,,,,,,,"Error code: 401 - {'error': {'message': 'Invalid API Key', 'type': 'invalid_request_error', 'code': 'invalid_api_key'}}"
124-10179-10217_multirif,172,,,,,,,,,,,,,,"Error code: 401 - {'error': {'message': 'Invalid API Key', 'type': 'invalid_request_error', 'code': 'invalid_api_key'}}"
124-10179-10217_multirif,173,,,,,,,,,,,,,,"Error code: 401 - {'error': {'message': 'Invalid API Key', 'type': 'invalid_request_error', 'code': 'invalid_api_key'}}"
124-10179-10217_multirif,174,,,,,,,,,,,,,,"Error code: 401 - {'error': {'message': 'Invalid API Key', 'type': 'invalid_request_error', 'code': 'invalid_api_key'}}"
124-10179-10217_multirif,175,,,,,,,,,,,,,,"Error code: 401 - {'error': {'message': 'Invalid API Key', 'type': 'invalid_request_error', 'code': 'invalid_api_key'}}"
124-10179-10217_multirif,176,,,,,,,,,,,,,,"Error code: 401 - {'error': {'message': 'Invalid API Key', 'type': 'invalid_request_error', 'code': 'invalid_api_key'}}"
124-10179-10217_multirif,177,,,,,,,,,,,,,,"Error code: 401 - {'error': {'message': 'Invalid API Key', 'type': 'invalid_request_error', 'code': 'invalid_api_key'}}"
124-10179-10217_multirif,178,,,,,,,,,,,,,,"Error code: 401 - {'error': {'message': 'Invalid API Key', 'type': 'invalid_request_error', 'code': 'invalid_api_key'}}"
124-10179-10217_multirif,179,,,,,,,,,,,,,,"Error code: 401 - {'error': {'message': 'Invalid API Key', 'type': 'invalid_request_error', 'code': 'invalid_api_key'}}"
124-10179-10217_multirif,180,,,,,,,,,,,,,,"Error code: 401 - {'error': {'message': 'Invalid API Key', 'type': 'invalid_request_error', 'code': 'invalid_api_key'}}"
124-10179-10217_multirif,181,,,,,,,,,,,,,,"Error code: 401 - {'error': {'message': 'Invalid API Key', 'type': 'invalid_request_error', 'code': 'invalid_api_key'}}"
124-10179-10217_multirif,182,,,,,,,,,,,,,,"Error code: 401 - {'error': {'message': 'Invalid API Key', 'type': 'invalid_request_error', 'code': 'invalid_api_key'}}"
124-10179-10217_multirif,183,,,,,,,,,,,,,,"Error code: 401 - {'error': {'message': 'Invalid API Key', 'type': 'invalid_request_error', 'code': 'invalid_api_key'}}"
124-10179-10217_multirif,184,,,,,,,,,,,,,,"Error code: 401 - {'error': {'message': 'Invalid API Key', 'type': 'invalid_request_error', 'code': 'invalid_api_key'}}"
124-10179-10217_multirif,185,,,,,,,,,,,,,,"Error code: 401 - {'error': {'message': 'Invalid API Key', 'type': 'invalid_request_error', 'code': 'invalid_api_key'}}"
124-10179-10217_multirif,186,,,,,,,,,,,,,,"Error code: 401 - {'error': {'message': 'Invalid API Key', 'type': 'invalid_request_error', 'code': 'invalid_api_key'}}"
124-10179-10217_multirif,187,,,,,,,,,,,,,,"Error code: 401 - {'error': {'message': 'Invalid API Key', 'type': 'invalid_request_error', 'code': 'invalid_api_key'}}"
124-10179-10217_multirif,188,,,,,,,,,,,,,,"Error code: 401 - {'error': {'message': 'Invalid API Key', 'type': 'invalid_request_error', 'code': 'invalid_api_key'}}"
124-10179-10217_multirif,189,,,,,,,,,,,,,,"Error code: 401 - {'error': {'message': 'Invalid API Key', 'type': 'invalid_request_error', 'code': 'invalid_api_key'}}"
124-10179-10217_multirif,190,,,,,,,,,,,,,,"Error code: 401 - {'error': {'message': 'Invalid API Key', 'type': 'invalid_request_error', 'code': 'invalid_api_key'}}"
124-10179-10217_multirif,191,,,,,,,,,,,,,,"Error code: 401 - {'error': {'message': 'Invalid API Key', 'type': 'invalid_request_error', 'code': 'invalid_api_key'}}"
124-10179-10217_multirif,192,,,,,,,,,,,,,,"Error code: 401 - {'error': {'message': 'Invalid API Key', 'type': 'invalid_request_error', 'code': 'invalid_api_key'}}"
124-10179-10217_multirif,193,,,,,,,,,,,,,,"Error code: 401 - {'error': {'message': 'Invalid API Key', 'type': 'invalid_request_error', 'code': 'invalid_api_key'}}"
124-10179-10217_multirif,194,,,,,,,,,,,,,,"Error code: 401 - {'error': {'message': 'Invalid API Key', 'type': 'invalid_request_error', 'code': 'invalid_api_key'}}"
124-10179-10217_multirif,195,,,,,,,,,,,,,,"Error code: 401 - {'error': {'message': 'Invalid API Key', 'type': 'invalid_request_error', 'code': 'invalid_api_key'}}"
124-10179-10217_multirif,196,,,,,,,,,,,,,,"Error code: 401 - {'error': {'message': 'Invalid API Key', 'type': 'invalid_request_error', 'code': 'invalid_api_key'}}"
124-10179-10217_multirif,197,,,,,,,,,,,,,,"Error code: 401 - {'error': {'message': 'Invalid API Key', 'type': 'invalid_request_error', 'code': 'invalid_api_key'}}"
124-10179-10217_multirif,198,,,,,,,,,,,,,,"Error code: 401 - {'error': {'message': 'Invalid API Key', 'type': 'invalid_request_error', 'code': 'invalid_api_key'}}"
124-10179-10217_multirif,199,,,,,,,,,,,,,,"Error code: 401 - {'error': {'message': 'Invalid API Key', 'type': 'invalid_request_error', 'code': 'invalid_api_key'}}"
124-10179-10217_multirif,200,,,,,,,,,,,,,,"Error code: 401 - {'error': {'message': 'Invalid API Key', 'type': 'invalid_request_error', 'code': 'invalid_api_key'}}"
124-10179-10217_multirif,201,,,,,,,,,,,,,,"Error code: 401 - {'error': {'message': 'Invalid API Key', 'type': 'invalid_request_error', 'code': 'invalid_api_key'}}"
124-10179-10217_multirif,202,,,,,,,,,,,,,,"Error code: 401 - {'error': {'message': 'Invalid API Key', 'type': 'invalid_request_error', 'code': 'invalid_api_key'}}"
124-10179-10217_multirif,203,,,,,,,,,,,,,,"Error code: 401 - {'error': {'message': 'Invalid API Key', 'type': 'invalid_request_error', 'code': 'invalid_api_key'}}"
124-10179-10217_multirif,204,,,,,,,,,,,,,,"Error code: 401 - {'error': {'message': 'Invalid API Key', 'type': 'invalid_request_error', 'code': 'invalid_api_key'}}"
124-10179-10217_multirif,205,,,,,,,,,,,,,,"Error code: 401 - {'error': {'message': 'Invalid API Key', 'type': 'invalid_request_error', 'code': 'invalid_api_key'}}"
124-10179-10217_multirif,206,,,,,,,,,,,,,,"Error code: 401 - {'error': {'message': 'Invalid API Key', 'type': 'invalid_request_error', 'code': 'invalid_api_key'}}"
124-10179-10217_multirif,207,,,,,,,,,,,,,,"Error code: 401 - {'error': {'message': 'Invalid API Key', 'type': 'invalid_request_error', 'code': 'invalid_api_key'}}"
124-10179-10217_multirif,208,,,,,,,,,,,,,,"Error code: 401 - {'error': {'message': 'Invalid API Key', 'type': 'invalid_request_error', 'code': 'invalid_api_key'}}"
124-10179-10217_multirif,209,,,,,,,,,,,,,,"Error code: 401 - {'error': {'message': 'Invalid API Key', 'type': 'invalid_request_error', 'code': 'invalid_api_key'}}"
124-10179-10217_multirif,210,,,,,,,,,,,,,,"Error code: 401 - {'error': {'message': 'Invalid API Key', 'type': 'invalid_request_error', 'code': 'invalid_api_key'}}"
124-10179-10217_multirif,211,,,,,,,,,,,,,,"Error code: 401 - {'error': {'message': 'Invalid API Key', 'type': 'invalid_request_error', 'code': 'invalid_api_key'}}"
124-10179-10217_multirif,212,,,,,,,,,,,,,,"Error code: 401 - {'error': {'message': 'Invalid API Key', 'type': 'invalid_request_error', 'code': 'invalid_api_key'}}"
124-10179-10217_multirif,213,,,,,,,,,,,,,,"Error code: 401 - {'error': {'message': 'Invalid API Key', 'type': 'invalid_request_error', 'code': 'invalid_api_key'}}"
124-10179-10217_multirif,214,,,,,,,,,,,,,,"Error code: 401 - {'error': {'message': 'Invalid API Key', 'type': 'invalid_request_error', 'code': 'invalid_api_key'}}"
124-10179-10217_multirif,215,,,,,,,,,,,,,,"Error code: 401 - {'error': {'message': 'Invalid API Key', 'type': 'invalid_request_error', 'code': 'invalid_api_key'}}"
124-10179-10217_multirif,216,,,,,,,,,,,,,,"Error code: 401 - {'error': {'message': 'Invalid API Key', 'type': 'invalid_request_error', 'code': 'invalid_api_key'}}"
124-10179-10217_multirif,217,,,,,,,,,,,,,,"Error code: 401 - {'error': {'message': 'Invalid API Key', 'type': 'invalid_request_error', 'code': 'invalid_api_key'}}"
124-10179-10217_multirif,218,,,,,,,,,,,,,,"Error code: 401 - {'error': {'message': 'Invalid API Key', 'type': 'invalid_request_error', 'code': 'invalid_api_key'}}"
124-10179-10217_multirif,219,,,,,,,,,,,,,,"Error code: 401 - {'error': {'message': 'Invalid API Key', 'type': 'invalid_request_error', 'code': 'invalid_api_key'}}"
124-10179-10217_multirif,220,,,,,,,,,,,,,,"Error code: 401 - {'error': {'message': 'Invalid API Key', 'type': 'invalid_request_error', 'code': 'invalid_api_key'}}"
124-10179-10217_multirif,221,,,,,,,,,,,,,,"Error code: 401 - {'error': {'message': 'Invalid API Key', 'type': 'invalid_request_error', 'code': 'invalid_api_key'}}"
124-10179-10217_multirif,222,,,,,,,,,,,,,,"Error code: 401 - {'error': {'message': 'Invalid API Key', 'type': 'invalid_request_error', 'code': 'invalid_api_key'}}"
124-10179-10217_multirif,223,,,,,,,,,,,,,,"Error code: 401 - {'error': {'message': 'Invalid API Key', 'type': 'invalid_request_error', 'code': 'invalid_api_key'}}"
124-10179-10217_multirif,224,,,,,,,,,,,,,,"Error code: 401 - {'error': {'message': 'Invalid API Key', 'type': 'invalid_request_error', 'code': 'invalid_api_key'}}"
124-10179-10217_multirif,225,,,,,,,,,,,,,,"Error code: 401 - {'error': {'message': 'Invalid API Key', 'type': 'invalid_request_error', 'code': 'invalid_api_key'}}"
124-10179-10217_multirif,226,,,,,,,,,,,,,,"Error code: 401 - {'error': {'message': 'Invalid API Key', 'type': 'invalid_request_error', 'code': 'invalid_api_key'}}"
124-10179-10217_multirif,227,,,,,,,,,,,,,,"Error code: 401 - {'error': {'message': 'Invalid API Key', 'type': 'invalid_request_error', 'code': 'invalid_api_key'}}"
124-10179-10217_multirif,228,,,,,,,,,,,,,,"Error code: 401 - {'error': {'message': 'Invalid API Key', 'type': 'invalid_request_error', 'code': 'invalid_api_key'}}"
124-10179-10217_multirif,229,,,,,,,,,,,,,,"Error code: 401 - {'error': {'message': 'Invalid API Key', 'type': 'invalid_request_error', 'code': 'invalid_api_key'}}"
124-10179-10217_multirif,230,,,,,,,,,,,,,,"Error code: 401 - {'error': {'message': 'Invalid API Key', 'type': 'invalid_request_error', 'code': 'invalid_api_key'}}"
124-10179-10217_multirif,231,,,,,,,,,,,,,,"Error code: 401 - {'error': {'message': 'Invalid API Key', 'type': 'invalid_request_error', 'code': 'invalid_api_key'}}"
124-10179-10217_multirif,232,,,,,,,,,,,,,,"Error code: 401 - {'error': {'message': 'Invalid API Key', 'type': 'invalid_request_error', 'code': 'invalid_api_key'}}"
124-10179-10217_multirif,233,,,,,,,,,,,,,,"Error code: 401 - {'error': {'message': 'Invalid API Key', 'type': 'invalid_request_error', 'code': 'invalid_api_key'}}"
124-10179-10217_multirif,234,,,,,,,,,,,,,,"Error code: 401 - {'error': {'message': 'Invalid API Key', 'type': 'invalid_request_error', 'code': 'invalid_api_key'}}"
124-10179-10217_multirif,235,,,,,,,,,,,,,,"Error code: 401 - {'error': {'message': 'Invalid API Key', 'type': 'invalid_request_error', 'code': 'invalid_api_key'}}"
124-10179-10217_multirif,236,,,,,,,,,,,,,,"Error code: 401 - {'error': {'message': 'Invalid API Key', 'type': 'invalid_request_error', 'code': 'invalid_api_key'}}"
124-10179-10217_multirif,237,,,,,,,,,,,,,,"Error code: 401 - {'error': {'message': 'Invalid API Key', 'type': 'invalid_request_error', 'code': 'invalid_api_key'}}"
124-10179-10217_multirif,238,,,,,,,,,,,,,,"Error code: 401 - {'error': {'message': 'Invalid API Key', 'type': 'invalid_request_error', 'code': 'invalid_api_key'}}"
124-10179-10217_multirif,239,,,,,,,,,,,,,,"Error code: 401 - {'error': {'message': 'Invalid API Key', 'type': 'invalid_request_error', 'code': 'invalid_api_key'}}"
124-10179-10217_multirif,240,,,,,,,,,,,,,,"Error code: 401 - {'error': {'message': 'Invalid API Key', 'type': 'invalid_request_error', 'code': 'invalid_api_key'}}"
124-10179-10217_multirif,241,,,,,,,,,,,,,,"Error code: 401 - {'error': {'message': 'Invalid API Key', 'type': 'invalid_request_error', 'code': 'invalid_api_key'}}"
124-10179-10217_multirif,242,,,,,,,,,,,,,,"Error code: 401 - {'error': {'message': 'Invalid API Key', 'type': 'invalid_request_error', 'code': 'invalid_api_key'}}"
124-10179-10217_multirif,243,,,,,,,,,,,,,,"Error code: 401 - {'error': {'message': 'Invalid API Key', 'type': 'invalid_request_error', 'code': 'invalid_api_key'}}"
124-10179-10217_multirif,244,,,,,,,,,,,,,,"Error code: 401 - {'error': {'message': 'Invalid API Key', 'type': 'invalid_request_error', 'code': 'invalid_api_key'}}"
124-10179-10217_multirif,245,,,,,,,,,,,,,,"Error code: 401 - {'error': {'message': 'Invalid API Key', 'type': 'invalid_request_error', 'code': 'invalid_api_key'}}"
124-10179-10217_multirif,246,,,,,,,,,,,,,,"Error code: 401 - {'error': {'message': 'Invalid API Key', 'type': 'invalid_request_error', 'code': 'invalid_api_key'}}"
124-10179-10217_multirif,247,,,,,,,,,,,,,,"Error code: 401 - {'error': {'message': 'Invalid API Key', 'type': 'invalid_request_error', 'code': 'invalid_api_key'}}"
124-10179-10217_multirif,248,,,,,,,,,,,,,,"Error code: 401 - {'error': {'message': 'Invalid API Key', 'type': 'invalid_request_error', 'code': 'invalid_api_key'}}"
124-10179-10217_multirif,249,,,,,,,,,,,,,,"Error code: 401 - {'error': {'message': 'Invalid API Key', 'type': 'invalid_request_error', 'code': 'invalid_api_key'}}"
124-10179-10217_multirif,250,,,,,,,,,,,,,,"Error code: 401 - {'error': {'message': 'Invalid API Key', 'type': 'invalid_request_error', 'code': 'invalid_api_key'}}"
124-10179-10217_multirif,251,,,,,,,,,,,,,,"Error code: 401 - {'error': {'message': 'Invalid API Key', 'type': 'invalid_request_error', 'code': 'invalid_api_key'}}"
124-10179-10217_multirif,252,,,,,,,,,,,,,,"Error code: 401 - {'error': {'message': 'Invalid API Key', 'type': 'invalid_request_error', 'code': 'invalid_api_key'}}"
124-10179-10217_multirif,253,,,,,,,,,,,,,,"Error code: 401 - {'error': {'message': 'Invalid API Key', 'type': 'invalid_request_error', 'code': 'invalid_api_key'}}"
124-10179-10217_multirif,254,,,,,,,,,,,,,,"Error code: 401 - {'error': {'message': 'Invalid API Key', 'type': 'invalid_request_error', 'code': 'invalid_api_key'}}"
124-10179-10217_multirif,255,,,,,,,,,,,,,,"Error code: 401 - {'error': {'message': 'Invalid API Key', 'type': 'invalid_request_error', 'code': 'invalid_api_key'}}"
124-10179-10217_multirif,256,,,,,,,,,,,,,,"Error code: 401 - {'error': {'message': 'Invalid API Key', 'type': 'invalid_request_error', 'code': 'invalid_api_key'}}"
124-10179-10217_multirif,257,,,,,,,,,,,,,,"Error code: 401 - {'error': {'message': 'Invalid API Key', 'type': 'invalid_request_error', 'code': 'invalid_api_key'}}"
124-10179-10217_multirif,258,,,,,,,,,,,,,,"Error code: 401 - {'error': {'message': 'Invalid API Key', 'type': 'invalid_request_error', 'code': 'invalid_api_key'}}"
124-10179-10217_multirif,259,,,,,,,,,,,,,,"Error code: 401 - {'error': {'message': 'Invalid API Key', 'type': 'invalid_request_error', 'code': 'invalid_api_key'}}"
124-10179-10217_multirif,260,,,,,,,,,,,,,,"Error code: 401 - {'error': {'message': 'Invalid API Key', 'type': 'invalid_request_error', 'code': 'invalid_api_key'}}"
124-10179-10217_multirif,261,,,,,,,,,,,,,,"Error code: 401 - {'error': {'message': 'Invalid API Key', 'type': 'invalid_request_error', 'code': 'invalid_api_key'}}"
124-10179-10217_multirif,262,,,,,,,,,,,,,,"Error code: 401 - {'error': {'message': 'Invalid API Key', 'type': 'invalid_request_error', 'code': 'invalid_api_key'}}"
124-10179-10217_multirif,263,,,,,,,,,,,,,,"Error code: 401 - {'error': {'message': 'Invalid API Key', 'type': 'invalid_request_error', 'code': 'invalid_api_key'}}"
124-10179-10217_multirif,264,,,,,,,,,,,,,,"Error code: 401 - {'error': {'message': 'Invalid API Key', 'type': 'invalid_request_error', 'code': 'invalid_api_key'}}"
124-10179-10217_multirif,265,,,,,,,,,,,,,,"Error code: 401 - {'error': {'message': 'Invalid API Key', 'type': 'invalid_request_error', 'code': 'invalid_api_key'}}"
124-10179-10217_multirif,266,,,,,,,,,,,,,,"Error code: 401 - {'error': {'message': 'Invalid API Key', 'type': 'invalid_request_error', 'code': 'invalid_api_key'}}"
124-10179-10217_multirif,267,,,,,,,,,,,,,,"Error code: 401 - {'error': {'message': 'Invalid API Key', 'type': 'invalid_request_error', 'code': 'invalid_api_key'}}"
124-10179-10217_multirif,268,,,,,,,,,,,,,,"Error code: 401 - {'error': {'message': 'Invalid API Key', 'type': 'invalid_request_error', 'code': 'invalid_api_key'}}"
124-10179-10217_multirif,269,,,,,,,,,,,,,,"Error code: 401 - {'error': {'message': 'Invalid API Key', 'type': 'invalid_request_error', 'code': 'invalid_api_key'}}"
124-10179-10217_multirif,270,,,,,,,,,,,,,,"Error code: 401 - {'error': {'message': 'Invalid API Key', 'type': 'invalid_request_error', 'code': 'invalid_api_key'}}"
124-10179-10217_multirif,271,,,,,,,,,,,,,,"Error code: 401 - {'error': {'message': 'Invalid API Key', 'type': 'invalid_request_error', 'code': 'invalid_api_key'}}"
124-10179-10217_multirif,272,,,,,,,,,,,,,,"Error code: 401 - {'error': {'message': 'Invalid API Key', 'type': 'invalid_request_error', 'code': 'invalid_api_key'}}"
124-10179-10217_multirif,273,,,,,,,,,,,,,,"Error code: 401 - {'error': {'message': 'Invalid API Key', 'type': 'invalid_request_error', 'code': 'invalid_api_key'}}"
124-10179-10217_multirif,274,,,,,,,,,,,,,,"Error code: 401 - {'error': {'message': 'Invalid API Key', 'type': 'invalid_request_error', 'code': 'invalid_api_key'}}"
124-10179-10217_multirif,275,,,,,,,,,,,,,,"Error code: 401 - {'error': {'message': 'Invalid API Key', 'type': 'invalid_request_error', 'code': 'invalid_api_key'}}"
124-10179-10217_multirif,276,,,,,,,,,,,,,,"Error code: 401 - {'error': {'message': 'Invalid API Key', 'type': 'invalid_request_error', 'code': 'invalid_api_key'}}"
124-10179-10217_multirif,277,,,,,,,,,,,,,,"Error code: 401 - {'error': {'message': 'Invalid API Key', 'type': 'invalid_request_error', 'code': 'invalid_api_key'}}"
124-10179-10217_multirif,278,,,,,,,,,,,,,,"Error code: 401 - {'error': {'message': 'Invalid API Key', 'type': 'invalid_request_error', 'code': 'invalid_api_key'}}"
124-10179-10217_multirif,279,,,,,,,,,,,,,,"Error code: 401 - {'error': {'message': 'Invalid API Key', 'type': 'invalid_request_error', 'code': 'invalid_api_key'}}"
124-10179-10217_multirif,280,,,,,,,,,,,,,,"Error code: 401 - {'error': {'message': 'Invalid API Key', 'type': 'invalid_request_error', 'code': 'invalid_api_key'}}"
124-10179-10217_multirif,281,,,,,,,,,,,,,,"Error code: 401 - {'error': {'message': 'Invalid API Key', 'type': 'invalid_request_error', 'code': 'invalid_api_key'}}"
124-10179-10217_multirif,282,,,,,,,,,,,,,,"Error code: 401 - {'error': {'message': 'Invalid API Key', 'type': 'invalid_request_error', 'code': 'invalid_api_key'}}"
124-10179-10217_multirif,283,,,,,,,,,,,,,,"Error code: 401 - {'error': {'message': 'Invalid API Key', 'type': 'invalid_request_error', 'code': 'invalid_api_key'}}"
124-10179-10217_multirif,284,,,,,,,,,,,,,,"Error code: 401 - {'error': {'message': 'Invalid API Key', 'type': 'invalid_request_error', 'code': 'invalid_api_key'}}"
124-10179-10217_multirif,285,,,,,,,,,,,,,,"Error code: 401 - {'error': {'message': 'Invalid API Key', 'type': 'invalid_request_error', 'code': 'invalid_api_key'}}"
124-10179-10217_multirif,286,,,,,,,,,,,,,,"Error code: 401 - {'error': {'message': 'Invalid API Key', 'type': 'invalid_request_error', 'code': 'invalid_api_key'}}"
124-10179-10217_multirif,287,,,,,,,,,,,,,,"Error code: 401 - {'error': {'message': 'Invalid API Key', 'type': 'invalid_request_error', 'code': 'invalid_api_key'}}"
124-10179-10217_multirif,288,,,,,,,,,,,,,,"Error code: 401 - {'error': {'message': 'Invalid API Key', 'type': 'invalid_request_error', 'code': 'invalid_api_key'}}"
124-10179-10217_multirif,289,,,,,,,,,,,,,,"Error code: 401 - {'error': {'message': 'Invalid API Key', 'type': 'invalid_request_error', 'code': 'invalid_api_key'}}"
124-10179-10217_multirif,290,,,,,,,,,,,,,,"Error code: 401 - {'error': {'message': 'Invalid API Key', 'type': 'invalid_request_error', 'code': 'invalid_api_key'}}"
124-10179-10217_multirif,291,,,,,,,,,,,,,,"Error code: 401 - {'error': {'message': 'Invalid API Key', 'type': 'invalid_request_error', 'code': 'invalid_api_key'}}"
124-10179-10217_multirif,292,,,,,,,,,,,,,,"Error code: 401 - {'error': {'message': 'Invalid API Key', 'type': 'invalid_request_error', 'code': 'invalid_api_key'}}"
124-10179-10217_multirif,293,,,,,,,,,,,,,,"Error code: 401 - {'error': {'message': 'Invalid API Key', 'type': 'invalid_request_error', 'code': 'invalid_api_key'}}"
124-10179-10217_multirif,294,,,,,,,,,,,,,,"Error code: 401 - {'error': {'message': 'Invalid API Key', 'type': 'invalid_request_error', 'code': 'invalid_api_key'}}"
124-10179-10217_multirif,295,,,,,,,,,,,,,,"Error code: 401 - {'error': {'message': 'Invalid API Key', 'type': 'invalid_request_error', 'code': 'invalid_api_key'}}"
124-10179-10217_multirif,296,,,,,,,,,,,,,,"Error code: 401 - {'error': {'message': 'Invalid API Key', 'type': 'invalid_request_error', 'code': 'invalid_api_key'}}"
124-10179-10217_multirif,297,,,,,,,,,,,,,,"Error code: 401 - {'error': {'message': 'Invalid API Key', 'type': 'invalid_request_error', 'code': 'invalid_api_key'}}"
124-10179-10217_multirif,298,,,,,,,,,,,,,,"Error code: 401 - {'error': {'message': 'Invalid API Key', 'type': 'invalid_request_error', 'code': 'invalid_api_key'}}"
124-10179-10217_multirif,299,,,,,,,,,,,,,,"Error code: 401 - {'error': {'message': 'Invalid API Key', 'type': 'invalid_request_error', 'code': 'invalid_api_key'}}"
124-10179-10217_multirif,300,,,,,,,,,,,,,,"Error code: 401 - {'error': {'message': 'Invalid API Key', 'type': 'invalid_request_error', 'code': 'invalid_api_key'}}"
124-10179-10217_multirif,301,,,,,,,,,,,,,,"Error code: 401 - {'error': {'message': 'Invalid API Key', 'type': 'invalid_request_error', 'code': 'invalid_api_key'}}"
124-10179-10217_multirif,302,,,,,,,,,,,,,,"Error code: 401 - {'error': {'message': 'Invalid API Key', 'type': 'invalid_request_error', 'code': 'invalid_api_key'}}"
124-10179-10217_multirif,303,,,,,,,,,,,,,,"Error code: 401 - {'error': {'message': 'Invalid API Key', 'type': 'invalid_request_error', 'code': 'invalid_api_key'}}"
124-10179-10217_multirif,304,,,,,,,,,,,,,,"Error code: 401 - {'error': {'message': 'Invalid API Key', 'type': 'invalid_request_error', 'code': 'invalid_api_key'}}"
124-10179-10217_multirif,305,,,,,,,,,,,,,,"Error code: 401 - {'error': {'message': 'Invalid API Key', 'type': 'invalid_request_error', 'code': 'invalid_api_key'}}"
124-10179-10217_multirif,306,,,,,,,,,,,,,,"Error code: 401 - {'error': {'message': 'Invalid API Key', 'type': 'invalid_request_error', 'code': 'invalid_api_key'}}"
124-10179-10217_multirif,307,,,,,,,,,,,,,,"Error code: 401 - {'error': {'message': 'Invalid API Key', 'type': 'invalid_request_error', 'code': 'invalid_api_key'}}"
124-10179-10217_multirif,308,,,,,,,,,,,,,,"Error code: 401 - {'error': {'message': 'Invalid API Key', 'type': 'invalid_request_error', 'code': 'invalid_api_key'}}"
124-10179-10217_multirif,309,,,,,,,,,,,,,,"Error code: 401 - {'error': {'message': 'Invalid API Key', 'type': 'invalid_request_error', 'code': 'invalid_api_key'}}"
124-10179-10217_multirif,310,,,,,,,,,,,,,,"Error code: 401 - {'error': {'message': 'Invalid API Key', 'type': 'invalid_request_error', 'code': 'invalid_api_key'}}"
124-10179-10217_multirif,311,,,,,,,,,,,,,,"Error code: 401 - {'error': {'message': 'Invalid API Key', 'type': 'invalid_request_error', 'code': 'invalid_api_key'}}"
124-10179-10217_multirif,312,,,,,,,,,,,,,,"Error code: 401 - {'error': {'message': 'Invalid API Key', 'type': 'invalid_request_error', 'code': 'invalid_api_key'}}"
124-10179-10217_multirif,313,,,,,,,,,,,,,,"Error code: 401 - {'error': {'message': 'Invalid API Key', 'type': 'invalid_request_error', 'code': 'invalid_api_key'}}"
124-10179-10217_multirif,314,,,,,,,,,,,,,,"Error code: 401 - {'error': {'message': 'Invalid API Key', 'type': 'invalid_request_error', 'code': 'invalid_api_key'}}"
124-10179-10217_multirif,315,,,,,,,,,,,,,,"Error code: 401 - {'error': {'message': 'Invalid API Key', 'type': 'invalid_request_error', 'code': 'invalid_api_key'}}"
124-10179-10217_multirif,316,,,,,,,,,,,,,,"Error code: 401 - {'error': {'message': 'Invalid API Key', 'type': 'invalid_request_error', 'code': 'invalid_api_key'}}"
124-10179-10217_multirif,317,,,,,,,,,,,,,,"Error code: 401 - {'error': {'message': 'Invalid API Key', 'type': 'invalid_request_error', 'code': 'invalid_api_key'}}"
124-10179-10217_multirif,318,,,,,,,,,,,,,,"Error code: 401 - {'error': {'message': 'Invalid API Key', 'type': 'invalid_request_error', 'code': 'invalid_api_key'}}"
124-10179-10217_multirif,319,,,,,,,,,,,,,,"Error code: 401 - {'error': {'message': 'Invalid API Key', 'type': 'invalid_request_error', 'code': 'invalid_api_key'}}"
124-10179-10217_multirif,320,,,,,,,,,,,,,,"Error code: 401 - {'error': {'message': 'Invalid API Key', 'type': 'invalid_request_error', 'code': 'invalid_api_key'}}"
124-10179-10217_multirif,321,,,,,,,,,,,,,,"Error code: 401 - {'error': {'message': 'Invalid API Key', 'type': 'invalid_request_error', 'code': 'invalid_api_key'}}"
124-10179-10217_multirif,322,,,,,,,,,,,,,,"Error code: 401 - {'error': {'message': 'Invalid API Key', 'type': 'invalid_request_error', 'code': 'invalid_api_key'}}"
124-10179-10217_multirif,323,,,,,,,,,,,,,,"Error code: 401 - {'error': {'message': 'Invalid API Key', 'type': 'invalid_request_error', 'code': 'invalid_api_key'}}"
124-10179-10217_multirif,324,,,,,,,,,,,,,,"Error code: 401 - {'error': {'message': 'Invalid API Key', 'type': 'invalid_request_error', 'code': 'invalid_api_key'}}"
124-10179-10217_multirif,325,,,,,,,,,,,,,,"Error code: 401 - {'error': {'message': 'Invalid API Key', 'type': 'invalid_request_error', 'code': 'invalid_api_key'}}"
124-10179-10217_multirif,326,,,,,,,,,,,,,,"Error code: 401 - {'error': {'message': 'Invalid API Key', 'type': 'invalid_request_error', 'code': 'invalid_api_key'}}"
124-10179-10217_multirif,327,,,,,,,,,,,,,,"Error code: 401 - {'error': {'message': 'Invalid API Key', 'type': 'invalid_request_error', 'code': 'invalid_api_key'}}"
124-10179-10217_multirif,328,,,,,,,,,,,,,,"Error code: 401 - {'error': {'message': 'Invalid API Key', 'type': 'invalid_request_error', 'code': 'invalid_api_key'}}"
124-10179-10217_multirif,329,,,,,,,,,,,,,,"Error code: 401 - {'error': {'message': 'Invalid API Key', 'type': 'invalid_request_error', 'code': 'invalid_api_key'}}"
124-10179-10217_multirif,330,,,,,,,,,,,,,,"Error code: 401 - {'error': {'message': 'Invalid API Key', 'type': 'invalid_request_error', 'code': 'invalid_api_key'}}"
124-10179-10217_multirif,331,,,,,,,,,,,,,,"Error code: 401 - {'error': {'message': 'Invalid API Key', 'type': 'invalid_request_error', 'code': 'invalid_api_key'}}"
124-10179-10217_multirif,332,,,,,,,,,,,,,,"Error code: 401 - {'error': {'message': 'Invalid API Key', 'type': 'invalid_request_error', 'code': 'invalid_api_key'}}"
124-10179-10217_multirif,333,,,,,,,,,,,,,,"Error code: 401 - {'error': {'message': 'Invalid API Key', 'type': 'invalid_request_error', 'code': 'invalid_api_key'}}"
124-10179-10217_multirif,334,,,,,,,,,,,,,,"Error code: 401 - {'error': {'message': 'Invalid API Key', 'type': 'invalid_request_error', 'code': 'invalid_api_key'}}"
124-10179-10217_multirif,335,,,,,,,,,,,,,,"Error code: 401 - {'error': {'message': 'Invalid API Key', 'type': 'invalid_request_error', 'code': 'invalid_api_key'}}"
124-10179-10217_multirif,336,,,,,,,,,,,,,,"Error code: 401 - {'error': {'message': 'Invalid API Key', 'type': 'invalid_request_error', 'code': 'invalid_api_key'}}"
124-10179-10217_multirif,337,,,,,,,,,,,,,,"Error code: 401 - {'error': {'message': 'Invalid API Key', 'type': 'invalid_request_error', 'code': 'invalid_api_key'}}"
124-10179-10217_multirif,338,,,,,,,,,,,,,,"Error code: 401 - {'error': {'message': 'Invalid API Key', 'type': 'invalid_request_error', 'code': 'invalid_api_key'}}"
124-10179-10217_multirif,339,,,,,,,,,,,,,,"Error code: 401 - {'error': {'message': 'Invalid API Key', 'type': 'invalid_request_error', 'code': 'invalid_api_key'}}"
124-10179-10217_multirif,340,,,,,,,,,,,,,,"Error code: 401 - {'error': {'message': 'Invalid API Key', 'type': 'invalid_request_error', 'code': 'invalid_api_key'}}"
124-10179-10217_multirif,341,,,,,,,,,,,,,,"Error code: 401 - {'error': {'message': 'Invalid API Key', 'type': 'invalid_request_error', 'code': 'invalid_api_key'}}"
124-10179-10217_multirif,342,,,,,,,,,,,,,,"Error code: 401 - {'error': {'message': 'Invalid API Key', 'type': 'invalid_request_error', 'code': 'invalid_api_key'}}"
124-10179-10217_multirif,343,,,,,,,,,,,,,,"Error code: 401 - {'error': {'message': 'Invalid API Key', 'type': 'invalid_request_error', 'code': 'invalid_api_key'}}"
124-10179-10217_multirif,344,,,,,,,,,,,,,,"Error code: 401 - {'error': {'message': 'Invalid API Key', 'type': 'invalid_request_error', 'code': 'invalid_api_key'}}"
124-10179-10217_multirif,345,,,,,,,,,,,,,,"Error code: 401 - {'error': {'message': 'Invalid API Key', 'type': 'invalid_request_error', 'code': 'invalid_api_key'}}"
124-10179-10217_multirif,346,,,,,,,,,,,,,,"Error code: 401 - {'error': {'message': 'Invalid API Key', 'type': 'invalid_request_error', 'code': 'invalid_api_key'}}"
124-10179-10217_multirif,347,,,,,,,,,,,,,,"Error code: 401 - {'error': {'message': 'Invalid API Key', 'type': 'invalid_request_error', 'code': 'invalid_api_key'}}"
124-10179-10217_multirif,348,,,,,,,,,,,,,,"Error code: 401 - {'error': {'message': 'Invalid API Key', 'type': 'invalid_request_error', 'code': 'invalid_api_key'}}"
124-10179-10217_multirif,349,,,,,,,,,,,,,,"Error code: 401 - {'error': {'message': 'Invalid API Key', 'type': 'invalid_request_error', 'code': 'invalid_api_key'}}"
124-10179-10217_multirif,350,,,,,,,,,,,,,,"Error code: 401 - {'error': {'message': 'Invalid API Key', 'type': 'invalid_request_error', 'code': 'invalid_api_key'}}"
124-10179-10217_multirif,351,,,,,,,,,,,,,,"Error code: 401 - {'error': {'message': 'Invalid API Key', 'type': 'invalid_request_error', 'code': 'invalid_api_key'}}"
124-10179-10217_multirif,352,,,,,,,,,,,,,,"Error code: 401 - {'error': {'message': 'Invalid API Key', 'type': 'invalid_request_error', 'code': 'invalid_api_key'}}"
124-10179-10217_multirif,353,,,,,,,,,,,,,,"Error code: 401 - {'error': {'message': 'Invalid API Key', 'type': 'invalid_request_error', 'code': 'invalid_api_key'}}"
124-10179-10217_multirif,354,,,,,,,,,,,,,,"Error code: 401 - {'error': {'message': 'Invalid API Key', 'type': 'invalid_request_error', 'code': 'invalid_api_key'}}"
124-10179-10217_multirif,355,,,,,,,,,,,,,,"Error code: 401 - {'error': {'message': 'Invalid API Key', 'type': 'invalid_request_error', 'code': 'invalid_api_key'}}"
124-10179-10217_multirif,356,,,,,,,,,,,,,,"Error code: 401 - {'error': {'message': 'Invalid API Key', 'type': 'invalid_request_error', 'code': 'invalid_api_key'}}"
124-10179-10217_multirif,357,,,,,,,,,,,,,,"Error code: 401 - {'error': {'message': 'Invalid API Key', 'type': 'invalid_request_error', 'code': 'invalid_api_key'}}"
124-10179-10217_multirif,358,,,,,,,,,,,,,,"Error code: 401 - {'error': {'message': 'Invalid API Key', 'type': 'invalid_request_error', 'code': 'invalid_api_key'}}"
124-10179-10217_multirif,359,,,,,,,,,,,,,,"Error code: 401 - {'error': {'message': 'Invalid API Key', 'type': 'invalid_request_error', 'code': 'invalid_api_key'}}"
124-10179-10217_multirif,360,,,,,,,,,,,,,,"Error code: 401 - {'error': {'message': 'Invalid API Key', 'type': 'invalid_request_error', 'code': 'invalid_api_key'}}"
124-10179-10217_multirif,361,,,,,,,,,,,,,,"Error code: 401 - {'error': {'message': 'Invalid API Key', 'type': 'invalid_request_error', 'code': 'invalid_api_key'}}"
124-10179-10217_multirif,362,,,,,,,,,,,,,,"Error code: 401 - {'error': {'message': 'Invalid API Key', 'type': 'invalid_request_error', 'code': 'invalid_api_key'}}"
124-10179-10217_multirif,363,,,,,,,,,,,,,,"Error code: 401 - {'error': {'message': 'Invalid API Key', 'type': 'invalid_request_error', 'code': 'invalid_api_key'}}"
124-10179-10217_multirif,364,,,,,,,,,,,,,,"Error code: 401 - {'error': {'message': 'Invalid API Key', 'type': 'invalid_request_error', 'code': 'invalid_api_key'}}"
124-10179-10217_multirif,365,,,,,,,,,,,,,,"Error code: 401 - {'error': {'message': 'Invalid API Key', 'type': 'invalid_request_error', 'code': 'invalid_api_key'}}"
124-10179-10217_multirif,366,,,,,,,,,,,,,,"Error code: 401 - {'error': {'message': 'Invalid API Key', 'type': 'invalid_request_error', 'code': 'invalid_api_key'}}"
124-10179-10217_multirif,367,,,,,,,,,,,,,,"Error code: 401 - {'error': {'message': 'Invalid API Key', 'type': 'invalid_request_error', 'code': 'invalid_api_key'}}"
124-10179-10217_multirif,368,,,,,,,,,,,,,,"Error code: 401 - {'error': {'message': 'Invalid API Key', 'type': 'invalid_request_error', 'code': 'invalid_api_key'}}"
124-10179-10217_multirif,369,,,,,,,,,,,,,,"Error code: 401 - {'error': {'message': 'Invalid API Key', 'type': 'invalid_request_error', 'code': 'invalid_api_key'}}"
124-10179-10217_multirif,370,,,,,,,,,,,,,,"Error code: 401 - {'error': {'message': 'Invalid API Key', 'type': 'invalid_request_error', 'code': 'invalid_api_key'}}"
